rollout/ep_len_mean,time/time_elapsed,rollout/ep_rew_mean,time/total_timesteps,time/iterations,time/fps,train/clip_fraction,train/policy_gradient_loss,train/explained_variance,train/n_updates,train/entropy_loss,train/clip_range,train/approx_kl,train/loss,train/value_loss,train/learning_rate
175.72727272727272,2,-92.9590909090909,2048,1,915,,,,,,,,,,
182.5,5,-100.53863636363636,4096,2,709,0.047900390625,-0.008182768878759817,0.0053479671478271484,10,-1.3798525601625442,0.2,0.006179587,5.259747505187988,16.164767110347746,0.0003
179.52941176470588,9,-97.50882352941177,6144,3,646,0.067431640625,-0.006573182757711038,0.3730810284614563,20,-1.3780895233154298,0.2,0.006302139,4.1738433837890625,17.277384385466576,0.0003
175.43478260869566,13,-92.44347826086958,8192,4,625,0.050634765625,-0.004359963169554249,0.09510582685470581,30,-1.3676599696278573,0.2,0.008638758,11.014945983886719,38.18495278358459,0.0003
175.17241379310346,16,-92.91206896551725,10240,5,610,0.061865234375,-0.004456334028509446,0.09818363189697266,40,-1.3600999772548676,0.2,0.009646261,13.073692321777344,43.855119299888614,0.0003
171.01408450704224,20,-89.33661971830986,12288,6,599,0.088134765625,-0.006936038538697176,0.39219313859939575,50,-1.3667793199419975,0.2,0.010170771,7.9765777587890625,24.297721493244172,0.0003
170.63855421686748,23,-89.50783132530121,14336,7,597,0.10244140625,-0.009112851897953078,0.4111061096191406,60,-1.355298364162445,0.2,0.009903308,11.863497734069824,29.74869748353958,0.0003
173.60638297872342,27,-92.76542553191489,16384,8,597,0.049462890625,-0.007245901468559168,0.1970282793045044,70,-1.361262460052967,0.2,0.0056975503,7.493095874786377,40.00467858314514,0.0003
169.42,30,-89.434,18432,9,597,0.103173828125,-0.006846200983272865,0.6285526752471924,80,-1.355710932612419,0.2,0.011786632,4.144294738769531,22.83569755554199,0.0003
165.7,34,-86.335,20480,10,596,0.049365234375,-0.004067693126853555,0.2776336073875427,90,-1.3621866807341576,0.2,0.008303392,16.558256149291992,54.3850878238678,0.0003
163.2,37,-84.365,22528,11,597,0.040087890625,-0.006805325704044662,0.510929524898529,100,-1.3575940907001496,0.2,0.0062464112,8.346955299377441,33.09841613769531,0.0003
161.85,41,-84.3005,24576,12,598,0.02021484375,-0.003959838712762576,0.5126318335533142,110,-1.3594802558422088,0.2,0.005005249,8.344165802001953,31.854747664928436,0.0003
163.06,44,-85.46799999999999,26624,13,598,0.065380859375,-0.008251653076149524,0.5000348091125488,120,-1.354447765648365,0.2,0.007934805,4.670090675354004,22.37035403251648,0.0003
162.27,47,-85.03550000000001,28672,14,598,0.033251953125,-0.007808053126791492,0.5950652360916138,130,-1.348775477707386,0.2,0.006263303,8.943660736083984,32.29390368461609,0.0003
157.54,51,-80.554,30720,15,598,0.100927734375,-0.011124793835915626,0.5942345857620239,140,-1.345692928135395,0.2,0.007207021,13.550212860107422,37.10120017528534,0.0003
150.41,54,-73.9275,32768,16,596,0.069677734375,-0.009152655935031362,0.45179420709609985,150,-1.3485938757658005,0.2,0.01007328,4.361610412597656,21.501128053665163,0.0003
153.06,58,-76.39100000000002,34816,17,594,0.021533203125,-0.0034215923777082937,0.485012948513031,160,-1.3344069793820381,0.2,0.006417625,21.63565444946289,45.67797679901123,0.0003
153.41,62,-76.7415,36864,18,593,0.0884765625,-0.00812377865659073,0.5552729368209839,170,-1.3394356042146682,0.2,0.011569323,3.224428415298462,18.710609513521195,0.0003
150.45,65,-74.9315,38912,19,593,0.12001953125,-0.009681182622443885,0.3723241686820984,180,-1.3391021564602852,0.2,0.011882983,6.684357643127441,25.534234750270844,0.0003
152.1,69,-76.03699999999999,40960,20,592,0.120068359375,-0.012833858249359764,0.4371575117111206,190,-1.3298121780157088,0.2,0.012667126,6.8777899742126465,24.235403752326967,0.0003
148.58,72,-73.167,43008,21,591,0.0658203125,-0.00911910500144586,0.49689698219299316,200,-1.3234475061297417,0.2,0.009862941,5.972356796264648,21.82033101320267,0.0003
149.68,76,-73.735,45056,22,588,0.128271484375,-0.010431773640448228,0.5588976144790649,210,-1.3311088234186172,0.2,0.0102709625,6.903608322143555,25.780400371551515,0.0003
147.17,80,-72.26249999999999,47104,23,587,0.0638671875,-0.007253244478488341,0.38168764114379883,220,-1.326182124018669,0.2,0.007310219,10.966615676879883,29.96269394159317,0.0003
143.53,83,-69.25450000000001,49152,24,586,0.0625,-0.008076980541227385,0.3136364221572876,230,-1.305485726892948,0.2,0.008773467,9.534664154052734,32.02017968893051,0.0003
143.18,87,-70.152,51200,25,584,0.0974609375,-0.009865476554841735,0.38234370946884155,240,-1.2795254483819007,0.2,0.012392752,5.32747745513916,24.1450332403183,0.0003
143.08,90,-70.453,53248,26,585,0.150341796875,-0.012780828139511868,0.45934730768203735,250,-1.2721377462148666,0.2,0.01460199,4.014450550079346,19.96949514746666,0.0003
140.29,94,-69.1225,55296,27,585,0.1267578125,-0.013045754047925583,0.43111705780029297,260,-1.2769352912902832,0.2,0.014004778,5.553512096405029,23.424424183368682,0.0003
140.12,97,-69.846,57344,28,586,0.07060546875,-0.007218271432793699,0.4153286814689636,270,-1.2332614973187446,0.2,0.009847752,3.2760181427001953,22.44116152524948,0.0003
134.01,101,-65.46650000000001,59392,29,587,0.149609375,-0.011011678661452607,0.3695095181465149,280,-1.268128788471222,0.2,0.014923288,4.913475036621094,29.386030614376068,0.0003
133.75,104,-66.25750000000002,61440,30,588,0.104345703125,-0.008332795288879424,0.16814839839935303,290,-1.238030044734478,0.2,0.010088427,7.759957790374756,31.035313081741332,0.0003
133.4,107,-67.02600000000001,63488,31,589,0.1474609375,-0.009797599026933312,0.47944140434265137,300,-1.1917992249131202,0.2,0.012534525,9.32099437713623,30.117792665958405,0.0003
128.62,111,-62.36199999999999,65536,32,590,0.127734375,-0.010873229033313692,0.5581018924713135,310,-1.185169619321823,0.2,0.014775916,3.5046579837799072,20.431836938858034,0.0003
123.03,114,-56.96449999999999,67584,33,591,0.1400390625,-0.009736706205876544,0.14662671089172363,320,-1.1973021984100343,0.2,0.017266754,8.644485473632812,30.9598525762558,0.0003
119.8,117,-54.004,69632,34,591,0.119482421875,-0.005945858673658222,0.05450475215911865,330,-1.1801926240324974,0.2,0.012403251,8.357770919799805,28.307494854927064,0.0003
120.9,121,-55.352,71680,35,591,0.17236328125,-0.014319508921471425,0.1370328664779663,340,-1.2083374962210656,0.2,0.015938565,6.001122951507568,26.59240962266922,0.0003
123.47,124,-57.66449999999999,73728,36,591,0.120458984375,-0.0115698264882667,0.17104077339172363,350,-1.1381723180413246,0.2,0.013394409,6.029380798339844,25.215000438690186,0.0003
118.45,128,-52.295500000000004,75776,37,590,0.15927734375,-0.011152335500810295,0.31964677572250366,360,-1.1624814793467522,0.2,0.023775963,6.6428327560424805,27.83593895435333,0.0003
110.76,132,-44.47999999999999,77824,38,588,0.203515625,-0.011279583640862257,0.2835361361503601,370,-1.1392039149999618,0.2,0.02156965,8.240735054016113,30.334523713588716,0.0003
116.53,135,-50.5195,79872,39,587,0.194873046875,-0.01905434236396104,0.3258584141731262,380,-1.1154036551713944,0.2,0.021780008,6.396292686462402,25.960250675678253,0.0003
114.4,139,-49.43500000000001,81920,40,586,0.16123046875,-0.005836009857011959,0.29457467794418335,390,-1.0888123393058777,0.2,0.016886653,4.685215950012207,23.27815150618553,0.0003
108.86,143,-44.106000000000016,83968,41,585,0.179345703125,-0.0108883137058001,0.04339808225631714,400,-1.099570456147194,0.2,0.01950669,3.0997776985168457,22.53370334506035,0.0003
109.92,146,-45.776,86016,42,586,0.1951171875,-0.008577502900152467,0.3548737168312073,410,-1.0757280096411705,0.2,0.016218636,4.20126485824585,26.451487362384796,0.0003
109.35,149,-45.82849999999999,88064,43,587,0.19521484375,-0.014994013565592467,0.1714264154434204,420,-1.0941867411136628,0.2,0.018438859,5.644900321960449,24.206031835079195,0.0003
99.85,153,-36.78849999999999,90112,44,587,0.194091796875,-0.010784562124172226,0.09133440256118774,430,-1.0189107067883014,0.2,0.017740514,4.611947059631348,23.437009251117708,0.0003
97.54,157,-34.37500000000001,92160,45,586,0.19248046875,-0.011786053993273527,0.1765075922012329,440,-1.009499829262495,0.2,0.021920355,9.2076997756958,33.788845133781436,0.0003
98.88,160,-36.332,94208,46,586,0.175244140625,-0.01279514807392843,0.3275681734085083,450,-1.0050199665129185,0.2,0.018483786,7.7588067054748535,28.725721621513365,0.0003
100.4,164,-37.668,96256,47,585,0.208056640625,-0.013193412972032092,0.44815123081207275,460,-1.0646979928016662,0.2,0.025735825,5.4479193687438965,24.372550749778746,0.0003
101.25,168,-38.085499999999996,98304,48,584,0.22490234375,-0.01375336903729476,0.33260083198547363,470,-1.0734003856778145,0.2,0.025835428,6.905480861663818,29.629526352882387,0.0003
107.56,171,-44.20000000000001,100352,49,583,0.233544921875,-0.010766917688306421,0.44767338037490845,480,-1.075494158267975,0.2,0.028087188,3.089738368988037,22.118568968772887,0.0003
106.57,175,-43.83550000000001,102400,50,583,0.238720703125,-0.011638247407972813,-0.007937908172607422,490,-0.9851411268115043,0.2,0.028389968,7.672460556030273,32.3496212720871,0.0003
108.18,179,-45.349999999999994,104448,51,582,0.190380859375,-0.012374544166959822,0.2214941382408142,500,-1.0333601661026477,0.2,0.028517341,6.024723529815674,28.419799798727034,0.0003
106.03,182,-43.526500000000006,106496,52,581,0.2130859375,-0.01487417587195523,0.17851930856704712,510,-0.9941390365362167,0.2,0.021861859,7.482873439788818,29.453437316417695,0.0003
105.93,186,-43.509499999999996,108544,53,581,0.19619140625,-0.010429630242288112,-0.04068648815155029,520,-1.0373443253338337,0.2,0.024700835,5.038506984710693,26.341337084770203,0.0003
102.02,190,-39.55800000000001,110592,54,580,0.291357421875,-0.006518573861103505,-0.11262142658233643,530,-1.0642819076776504,0.2,0.025214994,4.407347679138184,23.724326658248902,0.0003
101.37,194,-39.0905,112640,55,580,0.217626953125,-0.012035579030634836,0.11197775602340698,540,-0.9756307825446129,0.2,0.018390708,6.0947723388671875,25.127344238758088,0.0003
99.6,197,-36.785,114688,56,580,0.196923828125,-0.018110456183785574,0.3503309488296509,550,-1.0223651766777038,0.2,0.026637657,4.8541669845581055,24.486533772945403,0.0003
98.67,201,-36.228500000000004,116736,57,580,0.2552734375,-0.009821611834922805,0.4755648970603943,560,-1.013246939331293,0.2,0.045675315,7.0041351318359375,27.305197024345397,0.0003
100.01,204,-37.1415,118784,58,580,0.185595703125,-0.012158947717398404,0.0666583776473999,570,-0.9638930708169937,0.2,0.029200215,9.531285285949707,27.180065643787383,0.0003
101.09,208,-36.8085,120832,59,580,0.21123046875,-0.012136740615824237,0.3046916127204895,580,-1.0982612192630767,0.2,0.02497887,3.718965768814087,21.190430295467376,0.0003
99.58,211,-34.816,122880,60,580,0.206005859375,-0.013079204235691578,0.36949092149734497,590,-1.0473815023899078,0.2,0.018923266,8.824783325195312,34.297105479240415,0.0003
98.69,215,-33.4995,124928,61,580,0.158447265625,-0.011381957959383727,0.2636871933937073,600,-0.9546651884913444,0.2,0.019413369,4.566965579986572,25.49723427891731,0.0003
95.25,218,-30.147500000000004,126976,62,580,0.212841796875,-0.015561608650023118,0.23107963800430298,610,-0.9878554530441761,0.2,0.01694148,7.063201904296875,30.7740439414978,0.0003
92.32,222,-28.362999999999996,129024,63,580,0.208740234375,-0.015754989755805582,-0.07789993286132812,620,-0.9623833850026131,0.2,0.02754341,3.538609266281128,23.62655484676361,0.0003
93.07,226,-29.384500000000003,131072,64,579,0.15556640625,-0.010285542358178645,0.38161545991897583,630,-1.000070472806692,0.2,0.01923785,5.458683013916016,27.104614543914796,0.0003
93.66,229,-29.831,133120,65,579,0.186474609375,-0.014183336767018773,0.3835800290107727,640,-0.9903442390263081,0.2,0.028930139,5.253795146942139,24.847997057437897,0.0003
88.77,233,-25.185499999999998,135168,66,579,0.169677734375,-0.012917186800041235,0.5344380140304565,650,-1.0381054244935513,0.2,0.026895229,5.92210578918457,26.169697952270507,0.0003
91.81,236,-27.335500000000007,137216,67,579,0.238037109375,-0.022914016919094136,0.43938004970550537,660,-0.94611022695899,0.2,0.029482707,6.7866315841674805,27.674156224727632,0.0003
95.24,240,-31.211999999999993,139264,68,579,0.23095703125,-0.009750031301518903,0.10149598121643066,670,-0.9266863495111466,0.2,0.028066816,6.532387733459473,27.969089448451996,0.0003
93.07,243,-30.317499999999995,141312,69,579,0.2453125,-0.015775825557648206,0.04664808511734009,680,-0.9690749004483223,0.2,0.03192505,3.3885555267333984,22.619287073612213,0.0003
88.57,247,-27.0055,143360,70,578,0.258740234375,-0.013351186393992975,-0.0726553201675415,690,-0.9694751150906086,0.2,0.02637738,5.134490489959717,25.086028039455414,0.0003
93.36,251,-31.250000000000004,145408,71,578,0.25849609375,-0.012496030269539915,0.2159022092819214,700,-0.8901965618133545,0.2,0.024503242,7.651602745056152,29.438550078868865,0.0003
87.05,254,-24.5205,147456,72,578,0.17529296875,-0.01306717096013017,0.04284316301345825,710,-0.9523273088037968,0.2,0.021408938,8.716402053833008,29.729503333568573,0.0003
85.13,258,-22.714499999999994,149504,73,578,0.198681640625,-0.010185748228104785,0.2949850559234619,720,-0.9580902434885502,0.2,0.01997096,3.851229190826416,19.476104325056077,0.0003
87.22,262,-23.818,151552,74,577,0.230322265625,-0.011755406635347753,0.08020436763763428,730,-0.913798738270998,0.2,0.039587006,5.271226406097412,25.177086293697357,0.0003
87.14,265,-24.557999999999996,153600,75,577,0.19931640625,-0.010456168645760044,0.07036453485488892,740,-0.836828863620758,0.2,0.029552199,5.051013946533203,21.07276084423065,0.0003
88.31,269,-26.8635,155648,76,577,0.249560546875,-0.0192830709827831,0.22144949436187744,750,-0.8385729402303695,0.2,0.0282795,5.519548416137695,25.36238760948181,0.0003
90.81,273,-31.020500000000002,157696,77,577,0.202734375,-0.012662233354058116,0.38313841819763184,760,-0.8514001943171025,0.2,0.02220393,5.669394493103027,23.058599042892457,0.0003
83.76,276,-24.017000000000003,159744,78,576,0.237548828125,-0.01742192318488378,0.44124776124954224,770,-0.8883646950125694,0.2,0.048569743,4.34433650970459,25.647829461097718,0.0003
84.37,280,-24.473499999999994,161792,79,576,0.177001953125,-0.011686065967660397,0.2482629418373108,780,-0.7669156298041344,0.2,0.016478574,8.863300323486328,28.592166244983673,0.0003
81.51,284,-21.1115,163840,80,576,0.21669921875,-0.010471575747942552,0.0990329384803772,790,-0.8491423785686493,0.2,0.023545682,4.690535068511963,21.829359233379364,0.0003
78.56,287,-17.211000000000002,165888,81,576,0.19755859375,-0.015535885113058612,0.2866109013557434,800,-0.8499294355511665,0.2,0.02460847,4.224270343780518,23.121572983264922,0.0003
75.48,291,-13.129999999999997,167936,82,576,0.198291015625,-0.006061215582303703,0.06111884117126465,810,-0.855326420813799,0.2,0.022575032,3.0445899963378906,20.434107029438017,0.0003
77.66,295,-15.165,169984,83,576,0.247314453125,-0.011910368647659198,-0.027654409408569336,820,-0.8453746557235717,0.2,0.03242491,5.596102714538574,21.475172138214113,0.0003
73.52,298,-11.675999999999998,172032,84,575,0.22431640625,-0.007786427659448236,0.28424280881881714,830,-0.849927619099617,0.2,0.032442182,5.594264507293701,23.395816206932068,0.0003
71.03,302,-9.424499999999998,174080,85,575,0.205322265625,-0.01638288001413457,0.38992828130722046,840,-0.7921486876904964,0.2,0.027930569,4.378979206085205,22.979487895965576,0.0003
70.24,305,-8.737000000000002,176128,86,575,0.240625,-0.007110651512630284,0.233942449092865,850,-0.8839612089097499,0.2,0.040975418,3.725877285003662,23.362507128715514,0.0003
66.63,309,-4.929500000000001,178176,87,576,0.199072265625,-0.016257275751559063,-0.03424680233001709,860,-0.8025887437164784,0.2,0.02386064,4.3145551681518555,20.28052372932434,0.0003
71.66,312,-8.714999999999998,180224,88,576,0.21259765625,-0.022472924666362814,0.043774306774139404,870,-0.8444777071475983,0.2,0.027290257,6.401487350463867,23.000713336467744,0.0003
75.42,316,-12.788,182272,89,576,0.20380859375,-0.011008669110015034,0.1404329538345337,880,-0.9145973049104213,0.2,0.026405387,4.9678053855896,21.43555213212967,0.0003
83.63,319,-20.038500000000003,184320,90,576,0.240625,-0.011912658024812117,0.18155771493911743,890,-0.8574023872613907,0.2,0.02831449,4.016680717468262,23.102210092544556,0.0003
87.43,322,-23.420499999999997,186368,91,577,0.190087890625,-0.008489005779847503,0.37494295835494995,900,-0.8386194951832294,0.2,0.02328854,4.900346755981445,23.072623133659363,0.0003
85.26,326,-22.180999999999997,188416,92,577,0.205419921875,-0.01657911400543526,0.24374550580978394,910,-0.8464644208550454,0.2,0.038663454,4.79457426071167,24.285761046409608,0.0003
85.18,330,-22.36,190464,93,577,0.19453125,-0.014721478972933254,0.5075987577438354,920,-0.8529741354286671,0.2,0.027391292,5.957216739654541,24.336872625350953,0.0003
78.37,333,-16.6405,192512,94,577,0.203173828125,-0.013037509372225031,0.35813385248184204,930,-0.8072498559951782,0.2,0.026048986,5.163058280944824,23.557062649726866,0.0003
76.97,336,-16.2135,194560,95,577,0.24677734375,-0.022227355698123574,0.22247636318206787,940,-0.7966450072824955,0.2,0.032330338,5.947290897369385,25.113826715946196,0.0003
80.38,340,-20.143,196608,96,578,0.19111328125,-0.018451368008391,0.0076607465744018555,950,-0.7770459607243538,0.2,0.032175124,5.76214075088501,24.68358693122864,0.0003
77.22,343,-17.230999999999998,198656,97,578,0.204296875,-0.012264824169687927,0.2672842741012573,960,-0.7419998273253441,0.2,0.1669419,6.417181015014648,26.33815109729767,0.0003
78.2,346,-17.604,200704,98,578,0.20078125,-0.008641244989121333,-0.07530057430267334,970,-0.7324718199670315,0.2,0.04297336,5.161701202392578,25.208102095127106,0.0003
75.69,350,-14.610500000000002,202752,99,578,0.20888671875,-0.01127857855753973,0.4840623140335083,980,-0.7455194585025311,0.2,0.029297724,7.142040252685547,24.2296821475029,0.0003
71.26,353,-9.033999999999999,204800,100,579,0.172265625,-0.013800332596292719,0.5369909405708313,990,-0.8020250283181667,0.2,0.037157405,10.36271858215332,28.669940626621248,0.0003
78.56,357,-16.071,206848,101,579,0.2224609375,-0.018729953531874344,0.5444223880767822,1000,-0.7825018383562565,0.2,0.034212157,6.778715133666992,28.66111809015274,0.0003
73.59,360,-11.814500000000002,208896,102,579,0.204150390625,-0.012779514963040129,0.34703707695007324,1010,-0.8298039324581623,0.2,0.037822995,4.104038238525391,23.401076716184615,0.0003
72.96,363,-11.827999999999998,210944,103,579,0.231298828125,-0.020989535708213224,0.33764880895614624,1020,-0.7412024192512036,0.2,0.044529155,4.516533851623535,22.114558255672456,0.0003
74.81,367,-14.263499999999999,212992,104,579,0.234130859375,-0.018707588029792534,0.20750874280929565,1030,-0.7593211852014065,0.2,0.035473928,5.842177391052246,24.596221733093262,0.0003
75.2,370,-14.709000000000001,215040,105,579,0.23515625,-0.01532091763219796,0.3856663107872009,1040,-0.788735157251358,0.2,0.03887108,5.745993137359619,23.037097585201263,0.0003
77.01,374,-15.663499999999997,217088,106,579,0.1994140625,-0.011134803807362915,0.4046756625175476,1050,-0.7872783102095127,0.2,0.024609827,4.921774387359619,23.554359638690947,0.0003
84.37,377,-23.35149999999999,219136,107,580,0.209765625,-0.015464908082503826,0.4067319631576538,1060,-0.8319671891629696,0.2,0.03572285,6.084931373596191,26.03441106081009,0.0003
81.79,381,-20.642499999999995,221184,108,580,0.235546875,-0.012875691161025316,0.5816192626953125,1070,-0.8218659050762653,0.2,0.03588476,3.6449527740478516,20.975357419252397,0.0003
79.13,384,-18.922500000000003,223232,109,580,0.263330078125,-0.026416769094066695,0.4793195128440857,1080,-0.8124169655144214,0.2,0.040102065,5.042219638824463,23.719486236572266,0.0003
71.38,387,-11.752,225280,110,580,0.206396484375,-0.007907500912551768,0.4184131622314453,1090,-0.7704817429184914,0.2,0.034512814,3.8455684185028076,22.262934851646424,0.0003
64.45,391,-5.195500000000001,227328,111,580,0.208837890625,-0.015520204149652272,0.5384334921836853,1100,-0.7292168006300926,0.2,0.024017042,3.790491819381714,21.658596014976503,0.0003
68.63,394,-8.410500000000003,229376,112,581,0.210595703125,-0.018350443872623145,0.6673814654350281,1110,-0.7259185418486596,0.2,0.029054489,9.157464981079102,29.14014881849289,0.0003
72.2,398,-11.805,231424,113,581,0.19599609375,-0.009014303790172562,0.5624309778213501,1120,-0.8437176793813705,0.2,0.026729014,6.600510120391846,21.9520665705204,0.0003
71.7,401,-11.224999999999998,233472,114,581,0.2283203125,-0.010202972254774068,0.35328853130340576,1130,-0.8350795939564705,0.2,0.03239473,3.333787679672241,22.28508742451668,0.0003
74.64,405,-14.519,235520,115,581,0.240966796875,-0.004375025513581932,0.3874993324279785,1140,-0.7984025664627552,0.2,0.033111334,5.349613189697266,23.202785873413085,0.0003
72.57,408,-12.8135,237568,116,581,0.179638671875,-0.006414447666611522,0.27515071630477905,1150,-0.7479437172412873,0.2,0.022740118,6.015105724334717,24.515294742584228,0.0003
73.92,412,-12.850999999999999,239616,117,581,0.252880859375,-0.010185622444259934,0.6122786998748779,1160,-0.792093838006258,0.2,0.032895844,5.1655778884887695,20.993266516923903,0.0003
70.63,415,-9.608500000000001,241664,118,581,0.20966796875,-0.011455150984693319,0.41940218210220337,1170,-0.8627667374908924,0.2,0.03711995,4.332486629486084,21.675729036331177,0.0003
75.32,419,-13.530000000000003,243712,119,581,0.244921875,-0.011461459303973243,0.5502424240112305,1180,-0.8243409842252731,0.2,0.030211138,2.330106019973755,20.514505755901336,0.0003
75.36,422,-13.511000000000001,245760,120,581,0.255908203125,-0.021957808308070526,0.2354525923728943,1190,-0.8041637569665909,0.2,0.08084674,5.3806633949279785,27.08199825286865,0.0003
73.79,426,-12.2115,247808,121,581,0.175732421875,-0.010294144554063678,0.6083242893218994,1200,-0.8287095047533513,0.2,0.020079328,5.218498706817627,22.844058775901793,0.0003
74.91,430,-13.863499999999998,249856,122,580,0.211474609375,-0.014504648442380131,0.6000922918319702,1210,-0.7973527103662491,0.2,0.030715754,6.293497562408447,27.14125143289566,0.0003
65.24,433,-5.339999999999998,251904,123,580,0.203759765625,-0.007190456509124488,0.45349109172821045,1220,-0.7685033306479454,0.2,0.025451591,5.107293128967285,23.02412462234497,0.0003
66.83,437,-7.0695,253952,124,580,0.25048828125,-0.018698358681285755,0.5686538815498352,1230,-0.711712659150362,0.2,0.032763086,4.8695855140686035,21.005067157745362,0.0003
65.49,441,-4.8815,256000,125,580,0.17744140625,-0.012781673073186539,0.336948037147522,1240,-0.758149828761816,0.2,0.018006431,4.759703159332275,21.202559649944305,0.0003
71.92,444,-10.596999999999998,258048,126,580,0.21162109375,-0.015319960308261216,0.42681771516799927,1250,-0.8013793110847474,0.2,0.03778877,5.5370588302612305,21.003311973810195,0.0003
71.19,447,-10.0085,260096,127,580,0.217578125,-0.018628041568445042,0.4875749945640564,1260,-0.839146438986063,0.2,0.028134234,6.532303333282471,28.02983227968216,0.0003
72.84,451,-11.110999999999999,262144,128,581,0.211376953125,-0.013809567684074864,0.5434025526046753,1270,-0.7215563625097274,0.2,0.063391425,5.657283782958984,22.450690561532973,0.0003
70.49,454,-9.370499999999998,264192,129,581,0.19794921875,-0.016911452118074523,0.7526087164878845,1280,-0.8992328271269798,0.2,0.028022932,7.359802722930908,25.8685054898262,0.0003
69.04,458,-7.287999999999999,266240,130,581,0.221142578125,-0.019762824691133572,0.5819096565246582,1290,-0.7640213236212731,0.2,0.031583823,3.876215696334839,21.552536982297898,0.0003
75.17,461,-13.717499999999996,268288,131,581,0.197314453125,-0.014984776676283219,0.7315649390220642,1300,-0.7905885972082615,0.2,0.03973503,4.158642292022705,20.610127133131027,0.0003
76.35,465,-14.295499999999997,270336,132,580,0.231494140625,-0.012612726108636707,0.28997641801834106,1310,-0.781134407222271,0.2,0.027874095,6.797089099884033,24.0709790289402,0.0003
76.08,468,-14.092999999999995,272384,133,580,0.196826171875,-0.011961124965455382,0.42778998613357544,1320,-0.8459905378520489,0.2,0.024604794,4.373798370361328,23.423258233070374,0.0003
67.36,472,-6.787000000000002,274432,134,580,0.219287109375,-0.016419688731548376,0.7151094675064087,1330,-0.7752972334623337,0.2,0.037798855,5.61506462097168,22.257810914516448,0.0003
58.34,477,0.17100000000000065,276480,135,579,0.249560546875,-0.030597630291595124,0.4512437582015991,1340,-0.6043405920267105,0.2,0.039319098,5.222034454345703,21.96355057954788,0.0003
59.1,481,-0.4010000000000005,278528,136,578,0.242333984375,-0.01476445096777752,0.7458757162094116,1350,-0.7082579828798771,0.2,0.048708163,5.152848720550537,20.39817832708359,0.0003
67.62,485,-8.267000000000001,280576,137,577,0.196826171875,-0.007970968872541562,0.7348264455795288,1360,-0.8004637561738491,0.2,0.02159483,4.532771110534668,23.811751890182496,0.0003
69.37,490,-9.1285,282624,138,576,0.20859375,-0.011407013610005378,0.6528233289718628,1370,-0.8275409586727619,0.2,0.032904975,3.9002344608306885,18.745334714651108,0.0003
68.51,496,-8.8335,284672,139,573,0.205810546875,-0.014372313671628945,0.8060938715934753,1380,-0.6677237413823605,0.2,0.03678317,6.560085296630859,32.7502134680748,0.0003
67.66,501,-7.876,286720,140,571,0.210595703125,-0.004859963757917285,0.6728023290634155,1390,-0.7085889637470245,0.2,0.043140434,2.768218994140625,18.673167300224303,0.0003
66.48,506,-6.137,288768,141,569,0.20830078125,-0.001995941551285796,0.6692564487457275,1400,-0.714610931277275,0.2,0.031071182,2.395662546157837,17.871964532136918,0.0003
69.11,512,-9.0045,290816,142,567,0.272900390625,-0.015570075693540275,0.20296895503997803,1410,-0.7992188923060894,0.2,0.031811073,4.602789878845215,20.161091101169585,0.0003
66.62,517,-6.741000000000001,292864,143,565,0.18203125,-0.011377430945867673,0.5742969512939453,1420,-0.7218563720583916,0.2,0.040441766,4.762472152709961,19.94120975136757,0.0003
69.21,521,-9.711500000000001,294912,144,565,0.24521484375,-0.021327803458552806,0.4664912223815918,1430,-0.7290007874369622,0.2,0.03476938,5.688608646392822,24.498145878314972,0.0003
67.88,526,-7.704000000000001,296960,145,564,0.1884765625,-0.009840440895641223,0.6220216751098633,1440,-0.672898668050766,0.2,0.029073404,3.8416247367858887,22.393159687519073,0.0003
58.01,531,1.2615000000000003,299008,146,562,0.195068359375,-0.014744700881419704,0.6249383687973022,1450,-0.7260200999677181,0.2,0.031072538,5.241179943084717,24.693231284618378,0.0003
63.92,536,-4.035,301056,147,560,0.1623046875,-0.010573085991200059,0.48725980520248413,1460,-0.5847175702452659,0.2,0.027998136,5.514951229095459,25.18712009191513,0.0003
65.23,541,-5.666500000000002,303104,148,559,0.28662109375,-0.016965515597257765,0.6991146802902222,1470,-0.7131946228444577,0.2,0.05118924,3.238532304763794,16.308905708789826,0.0003
70.75,546,-10.715500000000002,305152,149,558,0.306689453125,-0.026322058239020407,0.7633938789367676,1480,-0.749164468050003,0.2,0.040833596,4.1323676109313965,22.573153710365297,0.0003
70.33,551,-10.385500000000002,307200,150,556,0.253369140625,-0.019965882116230203,0.4266131520271301,1490,-0.8079911440610885,0.2,0.0948078,5.497796058654785,22.800517982244493,0.0003
64.24,556,-4.1259999999999994,309248,151,555,0.192138671875,-0.009679205593420193,0.4654821753501892,1500,-0.696908102184534,0.2,0.02872023,5.551567554473877,24.114103746414184,0.0003
56.52,561,3.2319999999999993,311296,152,554,0.2009765625,-0.014506820632959716,0.5020813941955566,1510,-0.7755925014615059,0.2,0.022417566,5.245012283325195,22.517656797170638,0.0003
54.88,565,4.763000000000002,313344,153,554,0.191064453125,-0.01593978056916967,0.6169890761375427,1520,-0.6964135266840458,0.2,0.039508767,4.271773815155029,17.223633831739427,0.0003
59.87,569,-0.6255,315392,154,553,0.2427734375,-0.014518704661168159,0.4826142191886902,1530,-0.6696115590631961,0.2,0.034201853,4.293892860412598,20.082416009902953,0.0003
64.12,573,-5.614000000000001,317440,155,553,0.177490234375,-0.005807061656378209,0.5975902080535889,1540,-0.7051768489181995,0.2,0.036036003,3.511225700378418,23.31864290237427,0.0003
71.43,578,-12.7475,319488,156,552,0.24443359375,-0.006474208290455863,0.3080359101295471,1550,-0.7672151334583759,0.2,0.034756888,3.2885096073150635,23.073920625448228,0.0003
70.99,583,-11.114499999999998,321536,157,550,0.232470703125,-0.013857482076855377,0.6924240589141846,1560,-0.848350639641285,0.2,0.037837837,3.2135567665100098,17.859187567234038,0.0003
71.55,588,-11.2115,323584,158,549,0.2373046875,-0.012756583763984964,0.518497109413147,1570,-0.7484585210680962,0.2,0.035057805,3.5301873683929443,19.31181836128235,0.0003
71.73,593,-9.8105,325632,159,548,0.2666015625,-0.021257600199896844,0.7970367074012756,1580,-0.6792438142001629,0.2,0.03313861,5.7835612297058105,22.151687347888945,0.0003
66.34,598,-5.44,327680,160,547,0.25576171875,-0.01875239363871515,0.7925609350204468,1590,-0.7653843440115452,0.2,0.03553043,5.907763481140137,22.73520588874817,0.0003
66.37,603,-5.660500000000002,329728,161,546,0.180224609375,-0.017298064753413202,0.4533420205116272,1600,-0.6850207306444644,0.2,0.040847898,7.224799156188965,28.637061631679536,0.0003
59.76,607,-0.6440000000000002,331776,162,546,0.2103515625,-0.012178637098986655,0.6545195579528809,1610,-0.6645720936357975,0.2,0.041114375,3.373027801513672,19.971124345064162,0.0003
56.95,611,2.2085000000000012,333824,163,545,0.251318359375,-0.009756746742641553,0.54584801197052,1620,-0.6356325186789036,0.2,0.043949835,4.989933490753174,22.51544260382652,0.0003
59.81,616,-0.25050000000000144,335872,164,544,0.202978515625,-0.013518538817879743,0.6931692957878113,1630,-0.7696645960211754,0.2,0.034765743,3.3472604751586914,19.81794434785843,0.0003
58.67,621,1.4744999999999993,337920,165,543,0.225341796875,-0.012334766506683081,0.5781171321868896,1640,-0.7174883984029293,0.2,0.040862065,4.292925834655762,23.16693309545517,0.0003
57.2,626,2.49,339968,166,542,0.19111328125,-0.008467004704289138,0.4467150568962097,1650,-0.6704869829118252,0.2,0.027650364,4.629489421844482,19.549625486135483,0.0003
54.67,631,4.620499999999999,342016,167,541,0.198681640625,-0.008084375073667615,0.7642056345939636,1660,-0.6859618812799454,0.2,0.026331298,4.3023271560668945,18.178010535240173,0.0003
55.7,636,3.405,344064,168,540,0.14697265625,-0.007483754958957434,0.4393313527107239,1670,-0.5400364171713591,0.2,0.016999748,3.6195008754730225,19.02713140249252,0.0003
56.25,641,1.9074999999999998,346112,169,539,0.187255859375,-0.008345948526402936,0.3855774998664856,1680,-0.5823057100176812,0.2,0.044553377,3.370737075805664,20.943814074993135,0.0003
57.1,645,1.706,348160,170,539,0.187109375,-0.015250522107817233,0.6638728380203247,1690,-0.6335955940186977,0.2,0.23459885,3.927529811859131,20.88775862455368,0.0003
62.83,649,-3.1105,350208,171,539,0.21884765625,-0.011168157018255442,0.3726516366004944,1700,-0.669058994948864,0.2,0.038956493,4.192667007446289,21.17375116944313,0.0003
58.45,654,1.6654999999999993,352256,172,538,0.20419921875,-0.00529414443008136,0.5709717273712158,1710,-0.6679988414049148,0.2,0.03703625,3.9001853466033936,19.165944480895995,0.0003
46.24,659,11.933,354304,173,537,0.1775390625,-0.015695015288656577,0.4367276430130005,1720,-0.529891699552536,0.2,0.03543568,5.2485671043396,22.30114667415619,0.0003
47.97,664,10.343499999999999,356352,174,536,0.201416015625,-0.03073053773259744,0.26229357719421387,1730,-0.46520437970757483,0.2,0.046039913,5.012465000152588,20.173691934347154,0.0003
48.87,669,9.302500000000002,358400,175,535,0.206982421875,-0.011464803066337481,0.4561121463775635,1740,-0.5730352576822042,0.2,0.0747161,8.911587715148926,24.445316660404206,0.0003
56.59,674,1.7795000000000014,360448,176,534,0.163720703125,-0.0003633359621744603,0.4360201358795166,1750,-0.5541436798870564,0.2,0.043208208,6.855910301208496,21.2438982129097,0.0003
63.04,679,-4.179999999999998,362496,177,533,0.22236328125,-0.009926320117665454,0.5455189943313599,1760,-0.7299509160220623,0.2,0.037512697,4.164237022399902,19.284266942739485,0.0003
64.48,683,-5.146,364544,178,533,0.287158203125,-0.025350954601890408,0.6174056529998779,1770,-0.7714982174336911,0.2,0.03558134,4.723477840423584,24.56657283306122,0.0003
62.32,687,-2.566,366592,179,533,0.258203125,-0.030569462449057026,0.38611316680908203,1780,-0.621232196688652,0.2,0.037945405,6.173929214477539,24.4173664689064,0.0003
52.17,692,7.778500000000001,368640,180,532,0.236181640625,-0.025000748736783863,0.6038480997085571,1790,-0.7114580348134041,0.2,0.050317768,2.8854520320892334,19.95052414536476,0.0003
44.55,696,14.552500000000002,370688,181,532,0.197509765625,-0.025130008679116144,0.5618365406990051,1800,-0.5956449031829834,0.2,0.034450762,5.278764724731445,19.087377804517747,0.0003
46.53,701,12.038499999999999,372736,182,531,0.174267578125,-0.018982581986347214,0.3849334716796875,1810,-0.5063255559653044,0.2,0.042604767,4.208001613616943,17.28435010910034,0.0003
51.8,706,7.356,374784,183,530,0.21962890625,-0.01727118478156626,0.5064679384231567,1820,-0.5918673582375049,0.2,0.042743362,4.233371734619141,17.102217519283293,0.0003
52.57,711,6.012499999999999,376832,184,529,0.23994140625,-0.00892241911496967,0.6271426677703857,1830,-0.6928468957543373,0.2,0.032240592,2.811887502670288,18.639974629879,0.0003
55.59,716,3.7045000000000003,378880,185,528,0.209814453125,-0.013685810496099293,0.595280647277832,1840,-0.5757383313030005,0.2,0.031264752,2.669367551803589,18.674627101421358,0.0003
56.88,721,3.2079999999999997,380928,186,527,0.2384765625,-0.022948371252277867,0.6632202863693237,1850,-0.6944191887974739,0.2,0.06170075,3.671112537384033,18.58675867319107,0.0003
54.64,725,5.845999999999998,382976,187,527,0.21455078125,-0.012985860899789259,0.5228850841522217,1860,-0.7127577640116215,0.2,0.030539906,5.630834579467773,19.841919016838073,0.0003
43.09,729,15.897500000000003,385024,188,527,0.2287109375,-0.011947217670967802,0.6629223823547363,1870,-0.6311642527580261,0.2,0.037780028,2.5272574424743652,12.502866572141647,0.0003
42.81,734,15.293500000000003,387072,189,527,0.1869140625,-0.019381100218743084,0.5270071029663086,1880,-0.43945285491645336,0.2,0.041665137,4.40097188949585,15.752951860427856,0.0003
49.7,738,9.198,389120,190,526,0.240185546875,-0.03410060812602751,0.5953757762908936,1890,-0.5281715068966151,0.2,0.073613614,4.703762531280518,16.80611851811409,0.0003
60.9,743,-2.864,391168,191,525,0.1958984375,-0.001814913796260953,0.6748586893081665,1900,-0.7403859555721283,0.2,0.030590251,2.3103556632995605,15.122899854183197,0.0003
64.48,748,-5.635,393216,192,524,0.341162109375,-0.024219637806527316,0.37942588329315186,1910,-0.66599285826087,0.2,0.28904894,3.1486892700195312,21.877662509679794,0.0003
60.12,754,-2.402000000000001,395264,193,524,0.20107421875,-0.006376627265126444,0.7243527173995972,1920,-0.6622763119637967,0.2,0.029832669,3.33339786529541,17.64586626291275,0.0003
54.69,758,4.580499999999999,397312,194,523,0.247998046875,-0.01612463259953074,0.6019075512886047,1930,-0.6071997880935669,0.2,0.0490503,2.61610746383667,16.71508322954178,0.0003
54.46,763,4.928,399360,195,522,0.16357421875,-0.013252864370588213,0.6342459917068481,1940,-0.6614695817232132,0.2,0.03252761,3.927946090698242,19.37530271410942,0.0003
45.77,767,12.6615,401408,196,522,0.218115234375,-0.02806714118341915,0.7075130939483643,1950,-0.6006841979920864,0.2,0.050092064,4.636354923248291,19.72331400513649,0.0003
42.05,771,15.9045,403456,197,522,0.1890625,-0.019502427172847094,0.6700797080993652,1960,-0.5155597317963838,0.2,0.03920737,2.1863183975219727,15.145210564136505,0.0003
51.15,776,7.8475,405504,198,522,0.193359375,-0.01870303899049759,0.5354878902435303,1970,-0.47893483340740206,0.2,0.04094034,2.638897657394409,13.648538279533387,0.0003
50.61,781,9.1135,407552,199,521,0.251025390625,-0.021581932192202658,0.4728679656982422,1980,-0.7166807897388935,0.2,0.070079714,2.680976152420044,18.74647409915924,0.0003
54.09,786,5.756499999999999,409600,200,520,0.19130859375,-0.02207295611733571,0.5918099880218506,1990,-0.661507960408926,0.2,0.039206475,3.2535321712493896,14.944681924581527,0.0003
53.49,791,6.4914999999999985,411648,201,519,0.199853515625,-0.018657093506772072,0.7510876059532166,2000,-0.5941959343850612,0.2,0.044968784,2.9508471488952637,16.514656895399092,0.0003
50.56,796,9.848,413696,202,519,0.181298828125,-0.01802787010674365,0.7462281584739685,2010,-0.6824045144021511,0.2,0.026777692,2.995288133621216,16.367108711600302,0.0003
57.51,801,2.7655000000000003,415744,203,518,0.2142578125,-0.01716387469205074,0.5936911106109619,2020,-0.6662742294371128,0.2,0.028276464,5.3548903465271,19.915273600816725,0.0003
58.85,806,1.7294999999999987,417792,204,518,0.240478515625,-0.014376028731931001,0.5803380012512207,2030,-0.7333145506680012,0.2,0.036136914,4.472092151641846,19.555642771720887,0.0003
58.03,810,2.370499999999999,419840,205,518,0.2224609375,-0.011762184160761534,0.5749795436859131,2040,-0.7242630414664746,0.2,0.024988899,3.8116283416748047,19.05758171081543,0.0003
50.46,814,9.163000000000002,421888,206,517,0.171142578125,-0.020685440371744336,0.6449704170227051,2050,-0.5813755504786968,0.2,0.024819432,4.125936031341553,17.614974594116212,0.0003
52.57,819,7.0264999999999995,423936,207,517,0.16884765625,-0.007113492142525502,0.6082991361618042,2060,-0.5896348506212234,0.2,0.028717024,3.8765194416046143,17.441175442934036,0.0003
55.39,824,4.9505,425984,208,516,0.206689453125,-0.010644143534591421,0.7046544551849365,2070,-0.7226590797305107,0.2,0.037603706,2.948889970779419,18.738814228773116,0.0003
60.89,829,0.1425000000000003,428032,209,515,0.218896484375,-0.017534526222152635,0.7118160128593445,2080,-0.6763004571199417,0.2,0.033294663,4.547118186950684,23.314266645908354,0.0003
58.02,834,1.6809999999999994,430080,210,515,0.206640625,-0.025637156772427262,0.6856558322906494,2090,-0.5606439471244812,0.2,0.14586231,5.429709434509277,22.472816532850267,0.0003
57.87,839,1.2804999999999995,432128,211,514,0.18232421875,-0.0128933400119422,0.8273902535438538,2100,-0.6410563699901104,0.2,0.03172213,5.783807277679443,22.68584414720535,0.0003
51.46,844,7.523000000000001,434176,212,514,0.1837890625,-0.005375912302406504,0.6972204446792603,2110,-0.5305281303822994,0.2,0.034925334,3.9181883335113525,19.432940500974656,0.0003
47.52,848,11.406999999999996,436224,213,514,0.163232421875,-0.013188820361392573,0.7979109287261963,2120,-0.47669374421238897,0.2,0.029187283,3.8021368980407715,17.961999291181563,0.0003
44.89,852,13.2815,438272,214,513,0.211962890625,-0.020392730171442962,0.6731772422790527,2130,-0.5614255007356406,0.2,0.03609673,2.6032586097717285,17.5558180809021,0.0003
54.38,857,4.629,440320,215,513,0.14853515625,-0.005747958627762273,0.6596727967262268,2140,-0.43094112537801266,0.2,0.035571776,2.8898303508758545,17.453138929605483,0.0003
56.0,862,2.7060000000000004,442368,216,512,0.246044921875,-0.007741831225575879,0.7839057445526123,2150,-0.7214908048510551,0.2,0.03770101,2.978519916534424,18.19163421988487,0.0003
61.61,867,-2.8545,444416,217,512,0.116162109375,-0.006471729357144795,0.7050576210021973,2160,-0.5170138567686081,0.2,0.019254776,2.4167091846466064,16.11521983742714,0.0003
52.33,872,4.707499999999999,446464,218,511,0.26787109375,-0.023646685585845262,0.7514711618423462,2170,-0.655725933611393,0.2,0.06642707,3.0318894386291504,20.61828414797783,0.0003
54.03,877,3.4734999999999996,448512,219,511,0.162548828125,-0.0034248595824465156,0.3221489191055298,2180,-0.5283164981752634,0.2,0.029863663,3.0523478984832764,17.731895285844804,0.0003
49.15,882,7.554500000000001,450560,220,510,0.257080078125,-0.022560205165063962,0.7054021954536438,2190,-0.7029379434883595,0.2,0.045902424,2.6960365772247314,15.41215962767601,0.0003
54.63,887,3.9355000000000007,452608,221,510,0.197509765625,-0.008759748854208738,0.3717007040977478,2200,-0.49503454379737377,0.2,0.11544525,3.1989805698394775,17.24612119793892,0.0003
56.85,891,1.9434999999999991,454656,222,510,0.22373046875,-0.014636854061973282,0.6911472082138062,2210,-0.7616464756429195,0.2,0.046318427,2.819303512573242,17.437995249032973,0.0003
62.46,895,-2.315,456704,223,510,0.22744140625,-0.018268164078472184,0.44330698251724243,2220,-0.6697549372911453,0.2,0.023154637,3.5230326652526855,21.162544637918472,0.0003
56.78,899,2.2230000000000008,458752,224,509,0.231201171875,-0.027064118906855582,0.6548506021499634,2230,-0.7032350309193134,0.2,0.044725902,2.7101402282714844,18.656379663944243,0.0003
59.78,904,-0.2940000000000008,460800,225,509,0.2158203125,-0.017886298598023133,0.5704461932182312,2240,-0.6545476876199245,0.2,0.059262775,1.7363252639770508,17.084796300530435,0.0003
55.83,910,3.5724999999999993,462848,226,508,0.246142578125,-0.03130659929011017,0.6581219434738159,2250,-0.6691749215126037,0.2,0.08340723,4.67340612411499,20.56451513171196,0.0003
53.22,915,6.537999999999999,464896,227,508,0.218505859375,-0.026989493423025125,0.6153315305709839,2260,-0.5577384062111378,0.2,0.035717987,3.3452980518341064,16.528494471311568,0.0003
50.96,920,8.595000000000002,466944,228,507,0.17958984375,-0.008457158651435748,0.6743627786636353,2270,-0.7191478326916695,0.2,0.031216213,2.6495394706726074,17.107190650701522,0.0003
48.21,925,11.159499999999998,468992,229,506,0.181640625,-0.016133440093835816,0.7927563786506653,2280,-0.5716724649071694,0.2,0.032883,2.4761528968811035,16.916534459590913,0.0003
53.26,929,7.046,471040,230,506,0.1865234375,-0.012706553190946579,0.816021740436554,2290,-0.5943979777395725,0.2,0.022930834,1.8555541038513184,13.76222805082798,0.0003
51.58,933,8.321,473088,231,506,0.240869140625,-0.012285069594508969,0.8054114580154419,2300,-0.7691758178174496,0.2,0.026255943,4.3406171798706055,20.231710928678513,0.0003
53.86,938,5.524999999999999,475136,232,506,0.187744140625,-0.02340471211937256,0.6670905351638794,2310,-0.5561358325183392,0.2,0.028319586,3.5044515132904053,17.695150476694106,0.0003
51.15,943,7.3705,477184,233,505,0.23837890625,-0.012148974771844224,0.5290228724479675,2320,-0.5725274071097374,0.2,0.03835327,3.542775869369507,20.44698914885521,0.0003
53.91,948,4.9014999999999995,479232,234,505,0.194677734375,-0.011947411912842654,0.8212453126907349,2330,-0.6975838892161846,0.2,0.025159162,1.8071941137313843,14.043575808405876,0.0003
47.47,953,11.151499999999999,481280,235,504,0.26875,-0.03138514535967261,0.8550049066543579,2340,-0.573471749201417,0.2,0.037579127,2.0104475021362305,16.813285863399507,0.0003
48.77,958,10.171499999999998,483328,236,504,0.149169921875,-0.00953114532167092,0.3173191547393799,2350,-0.4875363692641258,0.2,0.027774286,3.419614315032959,16.308427971601485,0.0003
49.04,963,10.527000000000003,485376,237,503,0.289990234375,-0.03325554186303634,0.4486011862754822,2360,-0.5867991026490926,0.2,0.07101843,3.3022878170013428,20.295115876197816,0.0003
54.18,968,5.944000000000001,487424,238,503,0.1685546875,-0.014600728108780459,0.6851494312286377,2370,-0.5561997499316931,0.2,0.03278191,4.481513023376465,16.12439743876457,0.0003
58.26,972,1.9630000000000016,489472,239,503,0.2240234375,-0.008359174974611961,0.6304028034210205,2380,-0.6515700444579124,0.2,0.04595874,2.0759525299072266,16.19779716730118,0.0003
58.1,976,2.4630000000000005,491520,240,503,0.292822265625,-0.034723330655833703,0.7118978500366211,2390,-0.6882670633494854,0.2,0.12130437,3.9896762371063232,20.005435830354692,0.0003
62.31,981,-2.403500000000001,493568,241,503,0.192822265625,-0.01662875088804867,0.6678364276885986,2400,-0.6442099630832672,0.2,0.031805657,3.665513753890991,17.565276741981506,0.0003
62.12,986,-2.388,495616,242,502,0.25771484375,-0.02802030518068932,0.6469177603721619,2410,-0.586499723419547,0.2,0.05020935,2.239319324493408,20.758178985118867,0.0003
61.84,991,-3.0909999999999997,497664,243,501,0.2603515625,-0.026133390376344323,0.6816642880439758,2420,-0.6846843346953392,0.2,0.14533338,2.5794460773468018,18.36660915315151,0.0003
57.38,996,1.278000000000001,499712,244,501,0.255078125,-0.0275586053263396,0.637848973274231,2430,-0.6502665042877197,0.2,0.05807358,5.184835910797119,18.280097752809525,0.0003
47.88,1001,10.305999999999997,501760,245,500,0.19013671875,-0.012031468114582822,0.4751339554786682,2440,-0.5604021158069372,0.2,0.025033575,2.972318649291992,18.877929556369782,0.0003
44.79,1006,13.631499999999999,503808,246,500,0.20146484375,-0.012084697163663805,0.48977410793304443,2450,-0.4811569582670927,0.2,0.042963922,2.8330986499786377,15.846699440479279,0.0003
44.96,1011,13.551000000000004,505856,247,500,0.164404296875,-0.006791250806418248,0.63266921043396,2460,-0.5625567927956581,0.2,0.024631403,2.5540549755096436,14.533062022924423,0.0003
43.28,1015,15.171000000000003,507904,248,500,0.18056640625,-0.025579858873970806,0.598697304725647,2470,-0.4791796911507845,0.2,0.070344046,3.165759325027466,15.637736594676971,0.0003
49.62,1019,9.331,509952,249,500,0.199267578125,-0.02296447110711597,0.7189339995384216,2480,-0.49740889817476275,0.2,0.041423026,4.870848655700684,18.95400474667549,0.0003
57.04,1024,2.3779999999999992,512000,250,499,0.1837890625,-0.004282939614495262,0.6307703256607056,2490,-0.5731075361371041,0.2,0.02052828,2.2225341796875,17.35718023777008,0.0003
56.4,1029,3.2079999999999997,514048,251,499,0.211474609375,-0.008094681875081732,0.7418407797813416,2500,-0.7196082085371017,0.2,0.03535903,2.3648157119750977,16.32785278558731,0.0003
49.84,1034,9.655999999999999,516096,252,498,0.189111328125,-0.006852752424310893,0.7070428133010864,2510,-0.48401074297726154,0.2,0.019548258,2.89322829246521,15.701489704847337,0.0003
54.36,1039,4.978,518144,253,498,0.172509765625,-0.011273271031677723,0.7464675307273865,2520,-0.5950649358332157,0.2,0.02788772,3.5567269325256348,18.313533169031142,0.0003
56.98,1044,2.579,520192,254,497,0.172021484375,-0.007423089619260281,0.7138922214508057,2530,-0.6343961358070374,0.2,0.027062874,2.7633538246154785,20.6270711183548,0.0003
61.1,1049,-1.2870000000000001,522240,255,497,0.16923828125,-0.01296406063484028,0.6162834763526917,2540,-0.6388253159821033,0.2,0.03403327,3.968897581100464,19.285864108800887,0.0003
57.64,1053,2.714000000000001,524288,256,497,0.20771484375,-0.011562427459284663,0.8186883926391602,2550,-0.7023387446999549,0.2,0.04167372,4.259847640991211,22.067438328266142,0.0003
56.12,1058,3.987,526336,257,497,0.15732421875,-0.011925086943665519,0.8431793451309204,2560,-0.5822827629745007,0.2,0.027444918,3.0964908599853516,15.487672811746597,0.0003
55.33,1062,3.8525000000000005,528384,258,497,0.21982421875,-0.007694325665943325,0.8644729256629944,2570,-0.6343731358647346,0.2,0.045985006,1.5374493598937988,12.211168727278709,0.0003
59.7,1067,0.26799999999999896,530432,259,496,0.2765625,-0.02381469861138612,0.7967314720153809,2580,-0.6885019056499004,0.2,0.06956611,1.978714942932129,19.072174417972565,0.0003
62.8,1072,-2.9559999999999995,532480,260,496,0.24375,-0.020377812790684402,0.8542467355728149,2590,-0.640128456056118,0.2,0.070217885,3.0867247581481934,18.915441578626634,0.0003
57.83,1077,1.7115,534528,261,495,0.220849609375,-0.021772368968231603,0.8425700068473816,2600,-0.7226836636662484,0.2,0.0648344,2.3901026248931885,17.41541158258915,0.0003
54.06,1083,4.800999999999999,536576,262,495,0.274853515625,-0.03152898392290808,0.7378894090652466,2610,-0.5893110744655132,0.2,0.06453992,2.100609302520752,19.820624071359635,0.0003
51.8,1088,7.713000000000001,538624,263,494,0.191845703125,-0.00695235978346318,0.8565695285797119,2620,-0.5524305440485477,0.2,0.037829965,2.1959145069122314,16.413557636737824,0.0003
52.68,1092,7.833999999999998,540672,264,494,0.198876953125,-0.016565786753199065,0.8862553238868713,2630,-0.6258104592561722,0.2,0.038935672,2.4145970344543457,14.632425728440285,0.0003
45.17,1097,14.0325,542720,265,494,0.162841796875,-0.007800873287487775,0.5092632174491882,2640,-0.49990608617663385,0.2,0.03315818,2.9937760829925537,15.85996550321579,0.0003
42.39,1101,15.257500000000002,544768,266,494,0.177783203125,-0.020154847210505977,0.8875519633293152,2650,-0.4723927278071642,0.2,0.039354417,2.5233287811279297,11.90264509320259,0.0003
42.34,1105,15.235999999999999,546816,267,494,0.177685546875,-0.003001901169773191,0.592656135559082,2660,-0.4694704845547676,0.2,0.031314455,2.2006359100341797,12.652977594733239,0.0003
45.17,1110,14.494499999999999,548864,268,494,0.19365234375,-0.01187766193470452,0.6683769226074219,2670,-0.4481629155576229,0.2,0.056184545,2.116894245147705,12.618209058046341,0.0003
41.49,1116,16.5025,550912,269,493,0.1900390625,-0.01800731012481265,0.738944411277771,2680,-0.5471308790147305,0.2,0.031982385,2.7672817707061768,13.656652969121932,0.0003
38.36,1121,18.477,552960,270,493,0.2017578125,-0.029607072821818292,0.6680122017860413,2690,-0.41686201058328154,0.2,0.05065442,1.9630093574523926,11.453923186659813,0.0003
44.48,1126,14.1,555008,271,492,0.1404296875,-0.020559956395300106,0.8256192803382874,2700,-0.490550197660923,0.2,0.02339342,5.824921131134033,18.278540176153182,0.0003
43.78,1131,14.675,557056,272,492,0.18095703125,-0.012553862982895226,0.8763304948806763,2710,-0.640945590287447,0.2,0.025076576,2.552180767059326,16.640298223495485,0.0003
45.49,1135,13.479499999999998,559104,273,492,0.148681640625,-0.0062750177690759305,0.5188741683959961,2720,-0.3178649112582207,0.2,0.05155215,2.382424831390381,11.493597143888474,0.0003
44.98,1139,13.433,561152,274,492,0.232568359375,-0.01571260377531871,0.6058568954467773,2730,-0.6127118065953254,0.2,0.052857406,5.737857818603516,20.66415944099426,0.0003
44.7,1143,13.42,563200,275,492,0.192138671875,-0.035848803800763565,0.6664304137229919,2740,-0.41995689980685713,0.2,0.10343589,1.9006253480911255,13.57668487727642,0.0003
52.18,1148,4.946000000000001,565248,276,491,0.18173828125,-0.007427879134775139,0.6428686380386353,2750,-0.5779611844569444,0.2,0.03472614,3.8023786544799805,18.087073773145676,0.0003
50.85,1153,7.0344999999999995,567296,277,491,0.17978515625,-0.012434827664401382,0.6490105986595154,2760,-0.5727099489420653,0.2,0.11734946,2.0168397426605225,15.437080892920495,0.0003
38.17,1159,20.1035,569344,278,491,0.163232421875,-0.02218462497112341,0.8228001594543457,2770,-0.4575088117271662,0.2,0.03722329,3.4547741413116455,15.845730519294738,0.0003
41.09,1164,17.0205,571392,279,490,0.151953125,-0.015538143404410221,0.679297924041748,2780,-0.43718420416116716,0.2,0.029610585,1.725812315940857,9.679001107811928,0.0003
42.09,1169,16.184500000000003,573440,280,490,0.191455078125,-0.02021581569570117,0.6899607181549072,2790,-0.5220726650208235,0.2,0.028583914,2.915548801422119,16.774998593330384,0.0003
45.44,1174,13.970999999999998,575488,281,489,0.17255859375,-0.027907756017521025,0.8022288084030151,2800,-0.4356220234185457,0.2,0.027950041,2.2440121173858643,13.137809628248215,0.0003
46.92,1178,12.373,577536,282,489,0.191748046875,-0.01605869589257054,0.7951763272285461,2810,-0.6143089175224304,0.2,0.026514608,2.5443952083587646,14.556806439161301,0.0003
45.31,1182,13.8005,579584,283,489,0.191796875,-0.015275565185584128,0.726715624332428,2820,-0.5341061517596245,0.2,0.028247345,3.4191548824310303,15.110528218746186,0.0003
50.9,1187,9.198,581632,284,489,0.172900390625,-0.014856128417886794,0.7778223156929016,2830,-0.5047544363886118,0.2,0.02351788,1.7503386735916138,15.419734513759613,0.0003
53.18,1192,7.308,583680,285,489,0.22060546875,-0.009899089112877846,0.8945428729057312,2840,-0.6526152685284614,0.2,0.03697562,3.544229745864868,16.302020066976546,0.0003
49.55,1198,9.955499999999999,585728,286,488,0.16865234375,-0.013068193744402379,0.804831326007843,2850,-0.5802000969648361,0.2,0.024955988,2.8010969161987305,17.38048505783081,0.0003
46.46,1204,12.45,587776,287,487,0.2142578125,-0.027846589288674294,0.850978672504425,2860,-0.6560830131173134,0.2,0.043689072,2.557238817214966,16.041828739643098,0.0003
42.99,1209,14.750499999999999,589824,288,487,0.17568359375,-0.02364432452013716,0.8812777996063232,2870,-0.5447448402643204,0.2,0.028412659,2.943726062774658,15.738810670375823,0.0003
44.75,1214,11.716499999999998,591872,289,487,0.165576171875,-0.024122616596287116,0.7578694820404053,2880,-0.4927486483007669,0.2,0.059048615,2.663670301437378,17.854462027549744,0.0003
39.56,1218,16.803,593920,290,487,0.2052734375,-0.02839220311725512,0.548147976398468,2890,-0.4463737688958645,0.2,0.0502595,3.204828977584839,20.36813200712204,0.0003
38.35,1223,19.422500000000003,595968,291,487,0.131103515625,-0.012809718697099015,0.6342103481292725,2900,-0.381260896474123,0.2,0.026105952,2.489067792892456,15.625221967697144,0.0003
48.76,1227,9.896,598016,292,487,0.17353515625,-0.010847587694297545,0.8328691720962524,2910,-0.549242814257741,0.2,0.02314467,2.245805263519287,13.12871441245079,0.0003
48.8,1232,8.976,600064,293,486,0.210107421875,-0.025585924665210768,0.6668702363967896,2920,-0.566660524532199,0.2,0.25534117,4.456116199493408,23.7822438955307,0.0003
46.98,1237,10.708,602112,294,486,0.170458984375,-0.00882710421574302,0.5674324631690979,2930,-0.4863004297018051,0.2,0.042520538,3.006131410598755,15.7936856508255,0.0003
47.03,1242,10.2705,604160,295,486,0.191796875,-0.025093318830477072,0.5553189516067505,2940,-0.5883008435368537,0.2,0.045258656,2.5794436931610107,19.394994205236436,0.0003
49.05,1247,8.0725,606208,296,485,0.180126953125,-0.016381478030234577,0.708482563495636,2950,-0.465848371759057,0.2,0.09703527,1.8125513792037964,14.850233203172683,0.0003
52.21,1252,5.3915,608256,297,485,0.18447265625,-0.008084552673972211,0.6514347791671753,2960,-0.618678093701601,0.2,0.032685757,2.56672739982605,14.99850994348526,0.0003
47.81,1257,9.7125,610304,298,485,0.2046875,-0.008432863219059072,0.706846296787262,2970,-0.6824253976345063,0.2,0.02603208,1.8467556238174438,18.06049700975418,0.0003
44.58,1261,13.474000000000004,612352,299,485,0.147705078125,-0.010597773804329335,0.6288740634918213,2980,-0.4555341888219118,0.2,0.02904645,2.8324155807495117,13.829228794574737,0.0003
48.58,1265,10.850000000000001,614400,300,485,0.156787109375,-0.014813749981112779,0.7442626953125,2990,-0.5402257688343525,0.2,0.02306709,4.904184818267822,15.916701263189315,0.0003
49.75,1270,10.023500000000002,616448,301,485,0.159375,-0.011165844628703781,0.8070502877235413,3000,-0.623017942905426,0.2,0.030559039,2.2193763256073,16.480262297391892,0.0003
45.26,1275,13.536000000000001,618496,302,484,0.177294921875,-0.005924781085923314,0.830546498298645,3010,-0.5446245212107896,0.2,0.021244805,2.667337417602539,15.592749550938606,0.0003
49.52,1280,9.648000000000001,620544,303,484,0.179345703125,-0.022032107290579007,0.7184427380561829,3020,-0.5315054181963206,0.2,0.029492904,5.889394283294678,25.13845076560974,0.0003
45.38,1285,12.164999999999997,622592,304,484,0.20107421875,-0.022625797829823567,0.9012869596481323,3030,-0.5871523443609477,0.2,0.04335244,2.4725706577301025,14.249769824743272,0.0003
42.51,1290,14.723500000000001,624640,305,483,0.223193359375,-0.04130735469516367,0.6547180414199829,3040,-0.4104064367711544,0.2,0.29953593,2.786482334136963,17.24698164463043,0.0003
43.03,1295,15.213500000000002,626688,306,483,0.163525390625,-0.015087775548454373,0.5880043506622314,3050,-0.509320592880249,0.2,0.023871299,4.004075050354004,17.3572980761528,0.0003
51.53,1300,7.777499999999998,628736,307,483,0.197509765625,-0.02865045243524946,0.8014156818389893,3060,-0.4512443996965885,0.2,0.065645374,3.767176628112793,15.94457870721817,0.0003
47.07,1304,12.2065,630784,308,483,0.17333984375,-0.009041332249762491,0.6905494332313538,3070,-0.7184529572725296,0.2,0.03953561,3.513463020324707,17.818000704050064,0.0003
35.39,1308,21.772499999999994,632832,309,483,0.2013671875,-0.03486399436951615,0.641421914100647,3080,-0.39440361186861994,0.2,0.0593274,3.3975439071655273,14.723567050695419,0.0003
37.95,1313,19.2085,634880,310,483,0.119775390625,-0.0160261887795059,0.7142635583877563,3090,-0.2912195954471827,0.2,0.049734257,2.747037410736084,11.570332092046737,0.0003
43.57,1318,14.037500000000001,636928,311,483,0.185498046875,-0.021002846700139344,0.648354172706604,3100,-0.49685830287635324,0.2,0.036157638,2.4236865043640137,13.875983214378357,0.0003
45.07,1323,12.168500000000002,638976,312,482,0.216943359375,-0.02698007191065699,0.6597059369087219,3110,-0.5546130694448947,0.2,0.047619574,2.659113645553589,14.996488696336746,0.0003
44.05,1328,13.3925,641024,313,482,0.200927734375,-0.023835359018994494,0.6227432489395142,3120,-0.47070560939610007,0.2,0.05689176,2.5484488010406494,14.265793299674987,0.0003
49.34,1333,9.222000000000001,643072,314,482,0.173681640625,-0.012527065176982433,0.8514322638511658,3130,-0.5368203353136778,0.2,0.037343543,1.5354931354522705,13.794382029771805,0.0003
49.63,1338,9.2675,645120,315,481,0.22431640625,-0.016505302558653057,0.731940507888794,3140,-0.5612113140523434,0.2,0.03471302,2.5498621463775635,15.536057028174401,0.0003
49.95,1343,8.4955,647168,316,481,0.177294921875,-0.02296262523159385,0.7786954641342163,3150,-0.42886949330568314,0.2,0.054222926,3.372670888900757,16.31180547475815,0.0003
47.15,1347,11.200499999999998,649216,317,481,0.22958984375,-0.008637938744504936,0.7596503496170044,3160,-0.6640295684337616,0.2,0.024421401,1.7256351709365845,12.887917178869248,0.0003
39.92,1351,17.538,651264,318,481,0.1822265625,-0.019563885664683766,0.7988355159759521,3170,-0.4520201079547405,0.2,0.041386615,2.2543890476226807,13.078662836551667,0.0003
37.38,1356,19.596999999999998,653312,319,481,0.167236328125,-0.026073619996896013,0.7836325168609619,3180,-0.3557482805103064,0.2,0.041336548,5.163530349731445,15.726418828964233,0.0003
43.23,1361,14.762499999999998,655360,320,481,0.168212890625,-0.0342336296569556,0.6618310213088989,3190,-0.4194083590060472,0.2,0.07842039,2.8889517784118652,11.19432121515274,0.0003
47.04,1366,11.758,657408,321,480,0.195166015625,-0.02447737889015116,0.8109205365180969,3200,-0.6035259693861008,0.2,0.025127009,2.282376289367676,16.60550715327263,0.0003
42.98,1371,15.453,659456,322,480,0.186962890625,-0.0082723191997502,0.598647952079773,3210,-0.4632598277181387,0.2,0.037066028,3.476672887802124,17.395685505867004,0.0003
43.76,1377,15.033000000000001,661504,323,480,0.1498046875,-0.019832188439613672,0.819221556186676,3220,-0.4492884464561939,0.2,0.026427275,3.3069374561309814,14.53957290649414,0.0003
47.61,1381,11.639499999999998,663552,324,480,0.162353515625,-0.01542884106747806,0.8720532655715942,3230,-0.6073237888514995,0.2,0.052147802,2.4749319553375244,13.6261702388525,0.0003
39.71,1385,18.4875,665600,325,480,0.198974609375,-0.026511729555204512,0.7925765514373779,3240,-0.49424906373023986,0.2,0.029295733,2.6398062705993652,15.340117067098618,0.0003
42.01,1389,16.0085,667648,326,480,0.135791015625,-0.017081038813921624,0.6187957525253296,3250,-0.36580074951052666,0.2,0.025346491,2.811678409576416,12.225209584832191,0.0003
47.91,1394,10.8625,669696,327,480,0.193994140625,0.001635516417445615,0.6651253700256348,3260,-0.6414820954203606,0.2,0.027651254,1.8628859519958496,15.247687512636185,0.0003
56.11,1399,3.4204999999999983,671744,328,480,0.168359375,-0.013176943457801826,0.8368682265281677,3270,-0.5690175227820873,0.2,0.029873092,3.1664984226226807,13.896457922458648,0.0003
46.81,1404,11.6885,673792,329,479,0.164013671875,-0.011077388393459842,0.7748876214027405,3280,-0.6324201717972755,0.2,0.022601206,3.1881895065307617,20.292259389162062,0.0003
50.1,1408,9.196,675840,330,479,0.149169921875,-0.01614828155725263,0.5857177972793579,3290,-0.32662354707717894,0.2,0.027533408,2.560694456100464,13.896630334854127,0.0003
46.35,1414,12.1315,677888,331,479,0.18486328125,-0.012314348935615272,0.8731639385223389,3300,-0.6335588902235031,0.2,0.03715521,2.4252145290374756,17.61007654070854,0.0003
49.71,1419,8.966500000000002,679936,332,479,0.195654296875,-0.027317199297249316,0.7632935047149658,3310,-0.46034939810633657,0.2,0.046166528,2.2536959648132324,15.353249001502991,0.0003
51.92,1423,7.797,681984,333,479,0.17470703125,-0.013519859249936417,0.8557009696960449,3320,-0.6018145889043808,0.2,0.03737458,2.9889352321624756,15.793769162893295,0.0003
51.58,1427,9.146,684032,334,479,0.219482421875,-0.024677475038333795,0.7601140141487122,3330,-0.6142388254404068,0.2,0.031378403,2.856329917907715,15.551631259918214,0.0003
51.96,1431,8.263000000000002,686080,335,479,0.187646484375,-0.017866686888737604,0.8538709282875061,3340,-0.5642108529806137,0.2,0.02962454,3.768280029296875,17.16887459754944,0.0003
53.56,1436,6.019999999999999,688128,336,479,0.203369140625,-0.022787676801090128,0.7791683673858643,3350,-0.5822878755629063,0.2,0.06910248,2.901181221008301,19.7174310028553,0.0003
51.16,1441,7.334000000000002,690176,337,478,0.2064453125,-0.022896808803488967,0.8606525659561157,3360,-0.6497453890740872,0.2,0.02643974,2.770595073699951,20.468499845266344,0.0003
42.21,1446,15.800500000000001,692224,338,478,0.239208984375,-0.0419952727825148,0.7723122835159302,3370,-0.4877428375184536,0.2,0.10250264,2.695648193359375,14.14978173673153,0.0003
43.17,1451,15.719500000000004,694272,339,478,0.19560546875,-0.02364079648978077,0.3561020493507385,3380,-0.4684814862906933,0.2,0.0309753,5.791165351867676,20.915454351902007,0.0003
43.15,1456,14.919500000000001,696320,340,478,0.159619140625,-0.0101658298750408,0.6350314617156982,3390,-0.516736613214016,0.2,0.026345752,2.3972411155700684,12.784038537740708,0.0003
43.6,1461,14.372000000000005,698368,341,477,0.165869140625,-0.013757892552530394,0.781018853187561,3400,-0.4707572031766176,0.2,0.033992272,1.5262216329574585,12.230834048986434,0.0003
45.5,1465,13.44,700416,342,477,0.202294921875,-0.018668610841268675,0.7292435169219971,3410,-0.6063509188592434,0.2,0.036312554,2.059875965118408,13.73197507560253,0.0003
44.56,1469,14.39,702464,343,477,0.1388671875,-0.007958823422086425,0.8061969876289368,3420,-0.520719987899065,0.2,0.022480361,2.8854868412017822,15.639258348941803,0.0003
43.2,1474,15.462999999999997,704512,344,477,0.1392578125,-0.01268281830707565,0.8512917160987854,3430,-0.5015670515596866,0.2,0.01787848,2.938952922821045,14.459130710363388,0.0003
45.31,1479,13.503499999999999,706560,345,477,0.175732421875,-0.011353343987138942,0.6255704760551453,3440,-0.4262024134397507,0.2,0.037038814,2.3116769790649414,13.863036173582078,0.0003
41.57,1484,16.840500000000002,708608,346,477,0.24501953125,-0.009864554696832784,0.8409224152565002,3450,-0.6103161863982678,0.2,0.045883052,2.215322732925415,12.268812721967697,0.0003
31.61,1489,25.096499999999995,710656,347,477,0.12490234375,-0.01667804942699149,0.8406109809875488,3460,-0.3240068506449461,0.2,0.026341546,4.256729602813721,14.50782676935196,0.0003
33.35,1494,23.6835,712704,348,476,0.104296875,-0.01589548805495724,0.6057734489440918,3470,-0.23942670058459042,0.2,0.025582293,1.993817925453186,9.020291870832443,0.0003
39.85,1499,17.6555,714752,349,476,0.157177734375,-0.041271693364251405,0.570371150970459,3480,-0.30296534597873687,0.2,0.10301461,2.9222965240478516,12.746531671285629,0.0003
44.71,1504,12.8525,716800,350,476,0.149609375,-0.009204885497456416,0.5890148878097534,3490,-0.4264711085706949,0.2,0.03860368,1.417784571647644,13.422227963805199,0.0003
42.52,1508,15.251,718848,351,476,0.162255859375,-0.00595829158264678,0.7990806102752686,3500,-0.5220737375319005,0.2,0.026828418,2.3647544384002686,15.202893042564392,0.0003
40.02,1512,17.929,720896,352,476,0.1630859375,-0.020785210968460886,0.8090454339981079,3510,-0.456229604408145,0.2,0.03531144,3.160236358642578,17.105405616760255,0.0003
44.43,1517,14.927499999999998,722944,353,476,0.14541015625,-0.02449885035166517,0.8643910884857178,3520,-0.39967173151671886,0.2,0.07299443,2.580298662185669,15.814721381664276,0.0003
44.09,1522,15.3945,724992,354,476,0.183251953125,-0.016453481244388966,0.6628018617630005,3530,-0.5370611514896154,0.2,0.044818737,2.2390682697296143,13.291768991947174,0.0003
42.97,1527,15.036499999999998,727040,355,475,0.153173828125,-0.014608608969138005,0.7996946573257446,3540,-0.3841233644634485,0.2,0.025034029,3.299254894256592,14.460902255773544,0.0003
43.02,1532,13.990000000000002,729088,356,475,0.22841796875,-0.009628698424785398,0.7202697992324829,3550,-0.6111976630985737,0.2,0.04846252,3.0469894409179688,16.246306347846986,0.0003
39.12,1537,17.913999999999998,731136,357,475,0.146044921875,-0.0158934012404643,0.2891833782196045,3560,-0.2692431226372719,0.2,0.036982723,1.810192584991455,11.769994112849236,0.0003
42.38,1542,16.395000000000003,733184,358,475,0.1794921875,-0.02813691527117044,0.7073246836662292,3570,-0.43466848097741606,0.2,0.08177144,2.2914798259735107,15.424897164106369,0.0003
51.2,1546,8.825999999999999,735232,359,475,0.12919921875,-0.01239212624495849,0.8703242540359497,3580,-0.4927288956940174,0.2,0.022771008,3.1106996536254883,13.461768466234208,0.0003
49.68,1550,9.433,737280,360,475,0.2015625,-0.01874873513006605,0.7367228865623474,3590,-0.543067104741931,0.2,0.059919193,2.236701011657715,16.574527585506438,0.0003
48.15,1554,9.092500000000001,739328,361,475,0.196044921875,-0.015046809293562547,0.7858129143714905,3600,-0.5168407425284386,0.2,0.046899892,3.995893716812134,20.048153722286223,0.0003
43.96,1559,13.546999999999999,741376,362,475,0.225927734375,-0.02767126254912,0.7513914704322815,3610,-0.5312064863741398,0.2,0.07404132,3.1546359062194824,18.225250884890556,0.0003
43.67,1564,15.238499999999997,743424,363,475,0.157861328125,-0.013486142145120538,0.828498363494873,3620,-0.4682119801640511,0.2,0.040636238,2.379600763320923,12.29884223639965,0.0003
45.92,1569,13.032,745472,364,474,0.174951171875,-0.016430344502441584,0.8450358510017395,3630,-0.49932070039212706,0.2,0.035361618,4.424283981323242,21.510596919059754,0.0003
42.53,1574,15.484499999999999,747520,365,474,0.176416015625,-0.018395220633829014,0.8066239953041077,3640,-0.5282903973013162,0.2,0.056818485,2.750746726989746,21.194737565517425,0.0003
39.85,1579,18.1625,749568,366,474,0.16611328125,-0.041225334419868885,0.7961794137954712,3650,-0.309776820987463,0.2,0.08364473,1.117889404296875,9.735165897011758,0.0003
45.03,1584,13.9615,751616,367,474,0.151171875,-0.012101609102683143,0.8569245934486389,3660,-0.43617335632443427,0.2,0.032461427,1.843186378479004,15.005997452139855,0.0003
44.84,1588,13.551000000000002,753664,368,474,0.17587890625,-0.007953821285627782,0.9237244725227356,3670,-0.6448883317410946,0.2,0.02848305,1.6488393545150757,16.114616602659225,0.0003
47.93,1593,10.4805,755712,369,474,0.16201171875,-0.01335034467629157,0.9119178056716919,3680,-0.41088964603841305,0.2,0.05064765,1.659088134765625,11.539355348050595,0.0003
48.04,1597,11.012,757760,370,474,0.213232421875,-0.011163827270502224,0.8326648473739624,3690,-0.5661000177264214,0.2,0.041925296,2.233675479888916,15.93500987291336,0.0003
44.45,1602,14.278500000000001,759808,371,474,0.169482421875,-0.01080347495735623,0.7221614122390747,3700,-0.46912260688841345,0.2,0.03946539,2.296342372894287,15.388277214765548,0.0003
43.99,1607,15.684499999999998,761856,372,474,0.182177734375,-0.004086082451976836,0.8016684651374817,3710,-0.5905550941824913,0.2,0.025070034,3.4561946392059326,19.31928894519806,0.0003
50.63,1612,10.192499999999999,763904,373,473,0.17421875,-0.013400488562183455,0.74249267578125,3720,-0.361473922803998,0.2,0.12619169,2.540163516998291,11.758804196119309,0.0003
52.53,1617,8.1595,765952,374,473,0.15654296875,-0.008255278947763145,0.918290376663208,3730,-0.7675789229571819,0.2,0.02100315,3.163513422012329,17.350330996513367,0.0003
53.86,1622,6.878000000000001,768000,375,473,0.1810546875,-0.017082757572643457,0.8846485018730164,3740,-0.6657271236181259,0.2,0.023073962,5.554472923278809,18.472562116384506,0.0003
42.5,1627,16.197,770048,376,473,0.162109375,-0.02438549007056281,0.8211852312088013,3750,-0.530840927362442,0.2,0.02896738,2.3067057132720947,13.828427413105965,0.0003
41.82,1631,17.137,772096,377,473,0.157373046875,-0.014046341343782843,0.8836174011230469,3760,-0.441549089550972,0.2,0.021436565,2.4046053886413574,16.77208675146103,0.0003
44.75,1635,13.618499999999997,774144,378,473,0.15927734375,-0.013720199497765862,0.9088656902313232,3770,-0.49063361510634423,0.2,0.02278081,2.3971292972564697,15.19950157403946,0.0003
42.29,1639,15.079500000000003,776192,379,473,0.168798828125,-0.015700681088492274,0.5870034098625183,3780,-0.5109080348163844,0.2,0.05326738,2.769213914871216,24.764250648021697,0.0003
40.51,1644,17.4905,778240,380,473,0.2140625,-0.03623715887661092,0.5946862697601318,3790,-0.4195228572934866,0.2,0.03916065,3.9443984031677246,17.752781730890273,0.0003
42.83,1649,15.715499999999999,780288,381,473,0.181005859375,-0.02089570419047959,0.7031906843185425,3800,-0.3632443107664585,0.2,0.119932994,1.7484865188598633,11.388944029808044,0.0003
43.64,1654,14.282999999999998,782336,382,472,0.20458984375,-0.02325144190399442,0.6716465353965759,3810,-0.5463324554264546,0.2,0.045069613,2.483527898788452,13.725502145290374,0.0003
42.8,1659,15.179999999999996,784384,383,472,0.128662109375,-0.011062632268294691,0.7362651824951172,3820,-0.363087997213006,0.2,0.024794584,3.8416218757629395,15.528565353155136,0.0003
48.31,1664,10.4915,786432,384,472,0.18349609375,-0.011841202189680189,0.7884833812713623,3830,-0.6169994965195655,0.2,0.034945026,3.5267205238342285,20.330890834331512,0.0003
41.13,1668,17.066499999999998,788480,385,472,0.255615234375,-0.028868151959613897,0.6958733201026917,3840,-0.5410868253558874,0.2,0.063675776,3.0360236167907715,16.886753511428832,0.0003
38.07,1673,20.0725,790528,386,472,0.118212890625,-0.018707065336639062,0.631641685962677,3850,-0.26342404671013353,0.2,0.03293289,2.9289495944976807,11.263502442836762,0.0003
47.49,1677,12.056499999999998,792576,387,472,0.1662109375,-0.017744631553068758,0.8866085410118103,3860,-0.5709397152066231,0.2,0.042346917,2.1223530769348145,13.653705352544785,0.0003
54.99,1682,5.264500000000001,794624,388,472,0.11328125,-0.006883953904616646,0.8815173506736755,3870,-0.564124459028244,0.2,0.01855662,2.940042018890381,14.871039685606956,0.0003
54.94,1687,4.469,796672,389,472,0.17578125,-0.01694471256341785,0.807661235332489,3880,-0.7133580826222896,0.2,0.051805146,4.538824081420898,21.697440367937087,0.0003
51.76,1692,6.986000000000001,798720,390,471,0.202001953125,-0.010232762031955644,0.8232381343841553,3890,-0.49281719475984576,0.2,0.07648523,2.9349923133850098,17.079602098464967,0.0003
44.97,1697,12.515499999999998,800768,391,471,0.18056640625,-0.015797201998066158,0.8735334873199463,3900,-0.5881860665977001,0.2,0.029098347,3.280651330947876,15.555179071426391,0.0003
38.15,1702,19.3635,802816,392,471,0.15986328125,-0.023998681554803624,0.8367371559143066,3910,-0.48017721213400366,0.2,0.02808991,2.6631641387939453,15.209368818998337,0.0003
40.24,1707,17.612000000000002,804864,393,471,0.14794921875,-0.01773597254068591,0.8962200284004211,3920,-0.43304648585617544,0.2,0.03010926,2.2627177238464355,12.301280465722083,0.0003
43.57,1711,14.421500000000002,806912,394,471,0.184716796875,-0.021304049371974543,0.689801812171936,3930,-0.42661125473678113,0.2,0.060980055,4.641262531280518,15.848636263608933,0.0003
41.7,1715,15.985,808960,395,471,0.2095703125,-0.017457870324142276,0.8688100576400757,3940,-0.5495723124593497,0.2,0.030786578,3.625697135925293,18.08718371987343,0.0003
43.19,1719,14.9985,811008,396,471,0.15205078125,-0.016171322402078657,0.8739166259765625,3950,-0.3830740749835968,0.2,0.038755223,2.9815096855163574,15.536750346422195,0.0003
46.35,1724,10.910499999999999,813056,397,471,0.18828125,-0.015493996799341403,0.9119197726249695,3960,-0.6751617915928364,0.2,0.03223577,2.7082653045654297,17.45837809443474,0.0003
45.6,1730,11.575,815104,398,471,0.1701171875,-0.0032069079752545804,0.7000112533569336,3970,-0.48622676990926267,0.2,0.056477696,2.160351514816284,18.105625319480897,0.0003
45.34,1735,12.425,817152,399,470,0.151220703125,-0.010902650136267766,0.7263004779815674,3980,-0.3561204046010971,0.2,0.04735809,4.392676830291748,18.81881794333458,0.0003
51.16,1740,7.418000000000001,819200,400,470,0.19052734375,-0.013809040718479082,0.886390745639801,3990,-0.5751576956361533,0.2,0.03676737,2.569331169128418,17.579114094376564,0.0003
45.79,1745,12.678500000000001,821248,401,470,0.26943359375,-0.010332448373083026,0.6474654674530029,4000,-0.5968223474919796,0.2,0.058503054,2.9447906017303467,18.780313831567764,0.0003
40.96,1750,16.649,823296,402,470,0.1365234375,-0.015151573350885883,0.9007708430290222,4010,-0.4297223173081875,0.2,0.028819853,1.5968807935714722,12.34614650607109,0.0003
44.78,1754,13.701,825344,403,470,0.17197265625,-0.01571142483735457,0.8835470676422119,4020,-0.5014159724116325,0.2,0.030257326,3.5033304691314697,19.82762829065323,0.0003
46.9,1758,11.707999999999997,827392,404,470,0.181005859375,-0.013488287967629731,0.9035423994064331,4030,-0.6399551451206207,0.2,0.03287421,5.56451940536499,17.494975090026855,0.0003
48.0,1762,10.428999999999998,829440,405,470,0.183154296875,-0.019818615779513493,0.8186464905738831,4040,-0.5104440066963434,0.2,0.026594155,3.0053343772888184,17.190357285737992,0.0003
42.24,1768,16.147000000000002,831488,406,470,0.22099609375,-0.02953157519805245,0.8854472637176514,4050,-0.5123115207999944,0.2,0.036715917,2.6009674072265625,18.293140947818756,0.0003
43.42,1773,14.663,833536,407,470,0.1498046875,-0.018029710242990403,0.8326308727264404,4060,-0.39623050913214686,0.2,0.02454968,3.0296661853790283,15.825261902809142,0.0003
35.67,1778,21.287499999999994,835584,408,469,0.18466796875,-0.0248564410750987,0.895832359790802,4070,-0.5799938425421715,0.2,0.060384236,2.2006263732910156,16.93071431219578,0.0003
39.11,1783,19.0425,837632,409,469,0.144287109375,-0.016165171230386476,0.6260861158370972,4080,-0.22994212079793214,0.2,0.03947114,2.2963809967041016,9.751719078421592,0.0003
47.83,1788,12.006500000000003,839680,410,469,0.17373046875,-0.008107671100879088,0.8185848593711853,4090,-0.6230907335877418,0.2,0.025979687,2.410081624984741,15.418023452162743,0.0003
50.09,1792,9.637500000000003,841728,411,469,0.15859375,-0.01680985454004258,0.9191039800643921,4100,-0.5934619218111038,0.2,0.030627087,2.703540086746216,13.347511678934097,0.0003
48.3,1796,10.266999999999998,843776,412,469,0.183740234375,-0.007096301345154643,0.8971379399299622,4110,-0.6153178386390209,0.2,0.021564212,2.189720630645752,16.34210485816002,0.0003
42.66,1800,15.196000000000002,845824,413,469,0.181591796875,-0.02685329782543704,0.8828595280647278,4120,-0.5222934119403362,0.2,0.18218482,1.979313611984253,16.493544718623163,0.0003
45.25,1805,13.5245,847872,414,469,0.134765625,-0.0141384543327149,0.7442519664764404,4130,-0.41818021349608897,0.2,0.034538984,2.3014590740203857,13.062982541322707,0.0003
39.96,1810,18.532,849920,415,469,0.160546875,-0.020086215884657577,0.957395076751709,4140,-0.6524641707539558,0.2,0.024756938,1.9217642545700073,12.940282732248306,0.0003
35.37,1815,22.436500000000002,851968,416,469,0.138134765625,-0.01548318502609618,0.749366819858551,4150,-0.325999366119504,0.2,0.03758686,3.5780749320983887,14.696611577272416,0.0003
35.82,1820,21.787,854016,417,469,0.14033203125,-0.02376493008923717,0.9160324931144714,4160,-0.3918703254312277,0.2,0.048793007,1.8004207611083984,9.536770623922347,0.0003
38.62,1825,19.892000000000003,856064,418,468,0.134423828125,-0.017872071146848613,0.8778371214866638,4170,-0.4537823602557182,0.2,0.024591131,2.7150466442108154,14.588803136348725,0.0003
41.83,1830,17.2685,858112,419,468,0.16650390625,-0.002526206360198557,0.8291590213775635,4180,-0.42516296319663527,0.2,0.036186416,2.587613582611084,11.279240074753762,0.0003
43.57,1834,14.856499999999999,860160,420,468,0.16904296875,0.006516123138135299,0.9436609148979187,4190,-0.46222722716629505,0.2,0.022180729,1.9528367519378662,12.853027081489563,0.0003
48.25,1839,10.4675,862208,421,468,0.1689453125,-0.02779212248278782,0.9069269895553589,4200,-0.6018831364810466,0.2,0.021932034,2.333627939224243,17.680656081438066,0.0003
49.82,1843,9.189,864256,422,468,0.16748046875,-0.008315060494351201,0.8213732242584229,4210,-0.5623255755752326,0.2,0.02315849,3.337446689605713,15.988924312591553,0.0003
50.77,1848,9.1745,866304,423,468,0.190771484375,-0.024271101958584042,0.8811482191085815,4220,-0.6515504278242588,0.2,0.04743239,1.6587812900543213,16.861876651644707,0.0003
44.32,1853,15.071,868352,424,468,0.13779296875,-0.014997816662071273,0.9392591714859009,4230,-0.5771940246224403,0.2,0.02578931,3.1292977333068848,16.950405514240266,0.0003
38.31,1858,19.2325,870400,425,468,0.18359375,-0.013467530929483473,0.8192822933197021,4240,-0.4319717988371849,0.2,0.035064556,1.3370769023895264,11.510172089934349,0.0003
39.38,1863,18.453000000000003,872448,426,468,0.140185546875,-0.01827808442758396,0.8875672817230225,4250,-0.3527108017355204,0.2,0.03812822,1.193971872329712,10.709568136930466,0.0003
44.91,1868,13.565500000000002,874496,427,468,0.149169921875,-0.021290116384625433,0.9112181067466736,4260,-0.47900000363588335,0.2,0.03990135,4.613332748413086,15.906734657287597,0.0003
43.9,1873,14.336000000000004,876544,428,467,0.17001953125,-0.019110587958130053,0.9039222002029419,4270,-0.6211405478417873,0.2,0.025463086,1.134694218635559,13.410781487822533,0.0003
40.82,1877,16.734,878592,429,467,0.16591796875,-0.007768953635240905,0.8399707674980164,4280,-0.5324998009949923,0.2,0.022419572,3.597135066986084,18.29128893017769,0.0003
42.57,1881,15.347499999999998,880640,430,468,0.150146484375,-0.0193738070782274,0.8035755753517151,4290,-0.36492896601557734,0.2,0.03947845,3.0986123085021973,14.344596672058106,0.0003
42.42,1886,16.51,882688,431,467,0.187109375,-0.014693156711291521,0.8984072804450989,4300,-0.48633728325366976,0.2,0.038238958,2.7319600582122803,14.864534413814544,0.0003
43.68,1891,14.962000000000003,884736,432,467,0.17998046875,-0.02497713773045689,0.7745312452316284,4310,-0.42245670333504676,0.2,0.05071737,3.1301186084747314,17.326091676950455,0.0003
50.32,1896,8.944999999999999,886784,433,467,0.17080078125,-0.017098748206626622,0.8951208591461182,4320,-0.5153978124260903,0.2,0.021361373,4.287395477294922,18.90753446817398,0.0003
53.19,1901,6.2095,888832,434,467,0.1861328125,-0.010468605777714402,0.8669431805610657,4330,-0.6432744994759559,0.2,0.044323377,5.30171012878418,23.14986435174942,0.0003
57.5,1906,2.357999999999999,890880,435,467,0.186328125,-0.02084144120453857,0.6773298978805542,4340,-0.462314048409462,0.2,0.043029323,6.138033866882324,25.656645143032073,0.0003
45.9,1911,12.910000000000004,892928,436,467,0.16748046875,-0.013043824344640598,0.9178715944290161,4350,-0.6694720730185508,0.2,0.032104418,2.775228977203369,24.96560753583908,0.0003
48.59,1915,10.189499999999999,894976,437,467,0.113134765625,-0.008848054773989134,0.8890577554702759,4360,-0.3844911064952612,0.2,0.022591123,4.312563419342041,14.071090698242188,0.0003
46.51,1919,11.628499999999997,897024,438,467,0.171533203125,-0.015339426830178127,0.8852736353874207,4370,-0.6583816416561603,0.2,0.029665641,3.711158275604248,24.37795869112015,0.0003
41.05,1923,16.7495,899072,439,467,0.17998046875,-0.028162765089655296,0.512902557849884,4380,-0.39198490157723426,0.2,0.04543031,3.23068904876709,16.344350498914718,0.0003
40.72,1928,17.465,901120,440,467,0.155322265625,-0.011844413354992867,0.8150600790977478,4390,-0.49054994359612464,0.2,0.029848317,3.850029468536377,16.244198030233385,0.0003
39.45,1933,19.010499999999997,903168,441,467,0.133251953125,-0.012835628254106269,0.7688559293746948,4400,-0.4038805738091469,0.2,0.035078317,3.3936357498168945,17.791134202480315,0.0003
40.12,1938,16.952,905216,442,467,0.108935546875,-0.014974638880812564,0.9739196300506592,4410,-0.4263021882623434,0.2,0.015157799,2.969780206680298,14.389568802714347,0.0003
39.89,1943,16.0335,907264,443,466,0.175439453125,-0.0168609079613816,0.6197792291641235,4420,-0.41847663559019566,0.2,0.04366388,2.482386589050293,16.729605031013488,0.0003
37.39,1948,18.915499999999998,909312,444,466,0.208056640625,-0.03109122655005194,0.7126195430755615,4430,-0.4136402875185013,0.2,0.037703186,5.387343406677246,24.875102972984315,0.0003
41.02,1953,16.523,911360,445,466,0.14287109375,-0.021105471678311005,0.7583167552947998,4440,-0.38449224047362807,0.2,0.033739984,6.376433372497559,19.33754989504814,0.0003
40.48,1957,17.735,913408,446,466,0.1740234375,-0.009377005539136007,0.8174784183502197,4450,-0.4379805695265532,0.2,0.060845274,3.0214457511901855,14.467526960372926,0.0003
35.02,1962,22.211,915456,447,466,0.1384765625,-0.012286968796979636,0.8040784597396851,4460,-0.3893463104963303,0.2,0.026291098,2.142845630645752,9.774249267578124,0.0003
36.62,1966,20.733,917504,448,466,0.130712890625,-0.021179831289919092,0.9055333137512207,4470,-0.33962797522544863,0.2,0.05363455,4.3856000900268555,11.859098929166795,0.0003
40.2,1971,17.146,919552,449,466,0.155615234375,-0.01738993889593985,0.8501225113868713,4480,-0.41441182531416415,0.2,0.033093162,2.447683811187744,12.457884293794631,0.0003
43.64,1976,13.935,921600,450,466,0.139111328125,-0.008568967366591096,0.8864431381225586,4490,-0.4290278121829033,0.2,0.018819347,3.554547071456909,16.438958287239075,0.0003
40.95,1981,16.8025,923648,451,466,0.155029296875,-0.02000024853623472,0.9344805479049683,4500,-0.5328153662383557,0.2,0.0856953,1.6559165716171265,11.249375033378602,0.0003
39.68,1986,18.582,925696,452,465,0.143310546875,-0.02067835440102499,0.8503084778785706,4510,-0.4043766476213932,0.2,0.13594413,5.376266956329346,21.016504675149918,0.0003
45.27,1991,14.303500000000003,927744,453,465,0.175439453125,-0.013984412420541048,0.909722626209259,4520,-0.4794752810150385,0.2,0.032385916,1.8927910327911377,11.11726513504982,0.0003
44.35,1996,14.3135,929792,454,465,0.145751953125,-0.004845481418306008,0.8883785605430603,4530,-0.5522508736699819,0.2,0.018116832,2.0627477169036865,13.617331248521804,0.0003
47.62,2000,11.447000000000001,931840,455,465,0.126123046875,-0.002202254818985239,0.7709110975265503,4540,-0.3993947446346283,0.2,0.026169237,3.5383472442626953,15.741779792308808,0.0003
48.94,2004,10.139000000000003,933888,456,465,0.157421875,-0.010462180597824045,0.9515663981437683,4550,-0.711292638629675,0.2,0.020177972,3.3033266067504883,16.306884241104125,0.0003
42.39,2008,16.457499999999996,935936,457,465,0.138623046875,-0.01623138496070169,0.8406951427459717,4560,-0.5554088413715362,0.2,0.022755828,4.048405170440674,21.567229413986205,0.0003
38.22,2014,19.935999999999993,937984,458,465,0.165966796875,-0.01697139487368986,0.7362242937088013,4570,-0.3713832974433899,0.2,0.05369631,4.529494762420654,17.40016851425171,0.0003
41.93,2018,16.7265,940032,459,465,0.14619140625,-0.020395040974835865,0.9490899443626404,4580,-0.4874570265412331,0.2,0.027050503,3.074401378631592,13.198433524370193,0.0003
41.41,2024,17.124499999999998,942080,460,465,0.190771484375,-0.017766549729276448,0.8891812562942505,4590,-0.48683374673128127,0.2,0.036430795,2.051151990890503,14.231342801451683,0.0003
37.84,2029,20.177,944128,461,465,0.15009765625,-0.010295181523542852,0.9308471083641052,4600,-0.4708311282098293,0.2,0.037214056,2.2699286937713623,10.867800578474998,0.0003
37.11,2034,20.729499999999998,946176,462,465,0.144580078125,-0.023902124934829773,0.9271997809410095,4610,-0.39467254243791106,0.2,0.033881646,2.4917867183685303,11.775745022296906,0.0003
38.85,2038,18.6925,948224,463,465,0.139208984375,-0.01656711618124973,0.9352642297744751,4620,-0.36418112739920616,0.2,0.067517474,1.8657948970794678,10.72685062289238,0.0003
42.25,2042,16.2365,950272,464,465,0.1634765625,-0.012772788380971178,0.6482754945755005,4630,-0.4956575747579336,0.2,0.035911407,6.968926429748535,29.234409987926483,0.0003
46.45,2047,13.146499999999998,952320,465,465,0.215576171875,-0.015581393655156716,0.7908477187156677,4640,-0.47162809036672115,0.2,0.031291563,1.8654377460479736,12.68622482419014,0.0003
46.81,2051,11.5775,954368,466,465,0.146875,-0.011004489607876167,0.8093751668930054,4650,-0.5985310651361943,0.2,0.025033772,3.4880411624908447,18.520036721229552,0.0003
49.55,2056,7.810499999999998,956416,467,465,0.157568359375,-0.012649072683416307,0.7450525164604187,4660,-0.4741511318832636,0.2,0.030305557,2.963977098464966,16.187018817663194,0.0003
49.7,2061,6.825000000000001,958464,468,464,0.24736328125,-0.015281279181363062,0.5410376787185669,4670,-0.6208606012165546,0.2,0.05036871,3.5104215145111084,19.71289069056511,0.0003
43.98,2066,13.831,960512,469,464,0.149365234375,-0.023969120590481906,0.7446679472923279,4680,-0.49011736959218977,0.2,0.03142589,3.718435525894165,15.804844111204147,0.0003
48.31,2071,10.557500000000003,962560,470,464,0.186572265625,-0.01007808256545104,0.7527972459793091,4690,-0.5408687617629766,0.2,0.028168555,3.0298657417297363,15.651032882928849,0.0003
50.92,2076,8.135000000000002,964608,471,464,0.210888671875,-0.02069969927542843,0.701406717300415,4700,-0.6605418711900711,0.2,0.05277762,2.7739357948303223,20.350893008708955,0.0003
49.7,2080,9.333000000000002,966656,472,464,0.166845703125,-0.02142270133481361,0.8922661542892456,4710,-0.5308317121118307,0.2,0.028513229,3.0257222652435303,17.485968589782715,0.0003
48.87,2085,9.9235,968704,473,464,0.17041015625,-0.019203078697319142,0.927398681640625,4720,-0.596746464073658,0.2,0.03400868,4.535740375518799,16.520772689580916,0.0003
49.83,2089,9.0505,970752,474,464,0.19130859375,-0.014583865588065237,0.7749884128570557,4730,-0.5589013319462538,0.2,0.0339788,4.228209495544434,21.079310017824174,0.0003
44.52,2094,14.335000000000003,972800,475,464,0.17236328125,-0.013233178952941672,0.9202836751937866,4740,-0.6476445212960243,0.2,0.031584814,4.1267571449279785,19.645049053430558,0.0003
41.72,2099,16.905,974848,476,464,0.149853515625,-0.016369825246511028,0.8383808135986328,4750,-0.43653978407382965,0.2,0.040046364,2.529977560043335,12.715223628282548,0.0003
45.78,2104,13.126,976896,477,464,0.1759765625,-0.018314890161855148,0.8780280351638794,4760,-0.517780402675271,0.2,0.036867272,5.4772772789001465,18.90518737435341,0.0003
41.42,2109,16.212000000000003,978944,478,463,0.1576171875,-0.01489305857103318,0.8913732171058655,4770,-0.6021277047693729,0.2,0.03186487,2.6964399814605713,15.151895332336426,0.0003
40.49,2115,16.810499999999998,980992,479,463,0.189208984375,-0.03872797723306576,0.7780114412307739,4780,-0.4221686813980341,0.2,0.04272046,3.64626407623291,14.265071767568589,0.0003
47.28,2119,10.543,983040,480,463,0.20107421875,-0.030612672836286946,0.6529909372329712,4790,-0.46305167898535726,0.2,0.10272975,2.8081421852111816,16.8010537981987,0.0003
50.7,2123,7.642,985088,481,463,0.1455078125,-0.01084666799288243,0.773428738117218,4800,-0.47614078335464,0.2,0.028728653,3.623893976211548,18.89679372906685,0.0003
52.12,2127,6.422,987136,482,463,0.224267578125,-0.020104386622551828,0.9042699337005615,4810,-0.7685079604387284,0.2,0.026358794,1.9099195003509521,17.88490425944328,0.0003
55.49,2132,3.9075,989184,483,463,0.136328125,-0.011759138875640928,0.9127201437950134,4820,-0.604868422076106,0.2,0.01834392,5.355517864227295,15.224161845445632,0.0003
52.22,2137,6.740999999999999,991232,484,463,0.22802734375,-0.03306753216893412,0.9221576452255249,4830,-0.6994567014276981,0.2,0.042415835,4.424133777618408,19.966853302717208,0.0003
40.25,2142,18.292500000000004,993280,485,463,0.165625,-0.010875364975072443,0.6649183034896851,4840,-0.4842526253312826,0.2,0.037856705,4.262707710266113,20.641354990005492,0.0003
37.29,2147,20.8585,995328,486,463,0.139697265625,-0.024601432133931667,0.7712671160697937,4850,-0.32907840348780154,0.2,0.027788432,3.295072078704834,17.131797444820403,0.0003
49.02,2152,11.023,997376,487,463,0.16875,-0.020903229247778654,0.9322065114974976,4860,-0.5497452408075333,0.2,0.026234327,4.553001880645752,14.045681858062744,0.0003
48.42,2157,10.446999999999997,999424,488,463,0.271435546875,-0.023567925032693893,0.906589150428772,4870,-0.780660691857338,0.2,0.03677824,2.595754623413086,22.85174094438553,0.0003
37.76,2162,19.370999999999995,1001472,489,463,0.144140625,-0.022629075800068676,0.809428334236145,4880,-0.3957901246845722,0.2,0.0324183,4.997447967529297,19.44535374045372,0.0003
